word,pos,meaning,level,related,phonetic,audio
create,動詞,を創り出す；を引き起こす,Sec01,,,
increase,動詞,増加する（⇔ decrease ⇒ 223）；を増やす,Sec01,,,
improve,動詞,を向上させる；よくなる,Sec01,,,
mean,動詞,を意味する；（...する）つもりである（to do）,Sec01,,,
own,動詞,を所有している；（事実・罪など）を認める,Sec01,,,
include,動詞,を含む（⇔ exclude ⇒ 1009）,Sec01,,,
consider,動詞,を見なす；について考える,Sec01,,,
allow,動詞,を許す；を与える；（～を）考慮に入れる（for）,Sec01,,,
suggest,動詞,を提案する；を暗示する,Sec01,,,
produce,動詞,を生産する；を取り出す,Sec01,,,
decide,動詞,を決める；に決着をつける,Sec01,,,
offer,動詞,を提供する，申し出る,Sec01,,,
require,動詞,を要求する；を必要とする,Sec01,,,
share,動詞,を共有する；を分担する,Sec01,,,
store,動詞,を保存する；を蓄える,Sec01,,,
tend,動詞/形容詞,傾向がある；を世話する,Sec01,,,
concern,動詞,〔受身形で〕心配している；〔受身形で〕（～に）関係する（with）；に関連する,Sec01,,,
describe,動詞,について述べる，を説明する,Sec01,,,
involve,動詞,を関与させる；を伴う,Sec01,,,
reduce,動詞,を減らす；を（～に）変える（to）,Sec01,,,
design,動詞,を設計する；を計画する,Sec01,,,
force,動詞,に強いる；を強要する,Sec01,,,
limit,動詞,を制限［規制］する,Sec01,,,
bear,動詞,に耐える（≒ endure ⇒ 824）；を負う；を産む；を（心に）抱く,Sec01,,,
affect,動詞,に影響を及ぼす（≒ influence ⇒ 49）；を感動させる,Sec01,,,
deal,動詞,〔deal withで〕を処理する；〔deal inで〕を商う；を分配する,Sec01,,,
avoid,動詞,を避ける,Sec01,,,
relate,動詞,を関連づける；（～に）関連する（to）,Sec01,,,
realize,動詞,に気づく；を実現する,Sec01,,,
encourage,動詞,を奨励する；を励ます（⇔ discourage ⇒ 706）,Sec01,,,
compare,動詞,を比較する；を（～に）たとえる（to）,Sec01,,,
measure,動詞,を測る；を（比較して）評価する,Sec01,,,
exist,動詞,存在する；生存する,Sec01,,,
mark,動詞,に印をつける；を（記号で）示す；に汚れをつける,Sec01,,,
challenge,動詞,に異議を唱える；（人）に挑む,Sec01,,,
depend,動詞/形容詞,頼る；～次第である,Sec01,,,
object,動詞,反対する；（...）と言って反対する（that節）,Sec01,,,
demand,動詞,を要求する,Sec01,,,
found,動詞,を設立する；（理論など）を（～に基づいて）築く（on）,Sec01,,,
complete,動詞,を完成させる，仕上げる,Sec01,,,
idea,名詞,考え，思いつき；理解；見解；概念,Sec01,,,
accord,名詞,一致；合意，協定,Sec01,,,
company,名詞,会社；〔集合的に〕仲間；（仲間と）一緒にいること；一座,Sec01,,,
interest,名詞,興味；利子；利害,Sec01,,,
research,名詞,（～についての）研究，調査（into / on / in）,Sec01,,,
cause,名詞,原因（⇔ effect ⇒ 48）；理由；大義,Sec01,,,
reason,名詞,理由；（...する）根拠（to do）；理性；分別,Sec01,,,
effect,名詞,影響，効果；結果,Sec01,,,
influence,名詞,影響（力）,Sec01,,,
situation,名詞,状況；（人の置かれた）立場,Sec01,,,
environment,形容詞,環境（≒ surroundings）,Sec01,,,
skill,名詞,技能；熟練,Sec01,,,
matter,名詞,事柄；問題；〔～s〕事態；〔the ～〕困難；物質,Sec01,,,
view,名詞,（～についての）見解（on / about）；（～に対する）（特定の）見方（of）；眺め,Sec01,,,
value,名詞,価値；価格；評価；〔～s〕価値観,Sec01,,,
species,名詞,（生物の）種；種類,Sec01,,,
thought,名詞,考え；思考,Sec01,,,
knowledge,名詞,知識；知っていること；認識,Sec01,,,
memory,形容詞,記憶（力）；（～の）思い出（of）,Sec01,,,
practice,名詞,実践，実行；（社会の）慣習；練習,Sec01,,,
benefit,名詞,利益，恩恵；給付金,Sec01,,,
theory,形容詞,学説；理論；原理；推測,Sec01,,,
issue,名詞,問題（点）；発行（物）；発表,Sec01,,,
experiment,形容詞,（～を対象とする）実験（on）,Sec01,,,
article,名詞,記事；条項；品物,Sec01,,,
focus,名詞,焦点；関心の的,Sec01,,,
subject,名詞,話題；科目；主題；被験者,Sec01,,,
project,名詞,計画；事業；研究計画,Sec01,,,
quality,名詞,質（⇔ quantity ⇒ 471）；特質,Sec01,,,
role,名詞,役割；（俳優などの）役,Sec01,,,
term,名詞,（専門）用語；〔～s〕条件；〔～s〕間柄；学期,Sec01,,,
statement,形容詞,声明；主張；明細書,Sec01,,,
material,形容詞,材料，素材；資料；生地,Sec01,,,
evidence,名詞,証拠,Sec01,,,
source,名詞,（～の）源，根源（of）；出所，情報源,Sec01,,,
community,名詞,（共同）社会，～界；地域社会；地域住民,Sec01,,,
technology,名詞,科学技術；応用技術,Sec01,,,
culture,名詞,文化；教養；耕作；養殖；培養,Sec01,,,
appropriate,形容詞,（～に）適切な（for / to）,Sec01,,,
likely,形容詞,ありそうな（⇔ unlikely ありそうもない）,Sec01,,,
possible,形容詞,可能な；可能性のある,Sec01,,,
individual,形容詞,個々の；個人の,Sec01,,,
public,形容詞,公の（⇔ private 私的な）；公衆の；公開の,Sec01,,,
common,形容詞,共通の；普通の；一般の,Sec01,,,
certain,形容詞,確信して；確かな；ある；一定の,Sec01,,,
similar,動詞/形容詞,似ている，類似した；同様の,Sec01,,,
recent,形容詞,最近の,Sec01,,,
major,形容詞,主要な；大きい（ほうの）；長調の,Sec01,,,
patient,形容詞,忍耐強い；勤勉な,Sec01,,,
particular,形容詞,特定の；特別の；（～について）やかましい（about）,Sec01,,,
physical,形容詞,身体の（⇔ mental ⇒ 183）；物質的な；物理学の,Sec01,,,
various,形容詞,さまざまな；いくつかの,Sec01,,,
available,形容詞,手に入る；利用できる；手が空いている,Sec01,,,
native,形容詞,出生地の；原産の；生得の,Sec01,,,
political,形容詞,政治（上）の,Sec01,,,
due,名詞,予定された；（支払）期日で；しかるべき,Sec01,,,
blank,形容詞,空白の；無表情な；がらんとした,Sec01,,,
ancient,形容詞,古代の；昔からの,Sec01,,,
correct,形容詞,正しい；適切な,Sec01,,,
despite,前置詞,～にもかかわらず（≒ in spite of）,Sec01,,,
notice,動詞,に気づく,Sec02,,,
refer,名詞,言及する，関連する；参照する,Sec02,,,
approach,動詞,に近づく；に取り組む,Sec02,,,
wonder,名詞,かなと思う；（に）驚く（at）,Sec02,,,
imagine,名詞,（を）想像する；（を）推測する,Sec02,,,
recognize,動詞/形容詞,を識別できる；を認める,Sec02,,,
solve,動詞,を解く，解明する；（困難など）を解決する,Sec02,,,
occur,動詞,起こる；心に浮かぶ；現れる,Sec02,,,
argue,動詞,"と主張する（≒ claim ⇒ 110, maintain ⇒ 206）；議論する",Sec02,,,
claim,動詞,と主張する；を（自分のものとして）要求する,Sec02,,,
express,動詞,を表す，述べる,Sec02,,,
draw,動詞,を引き出す；を引く；を描く；近づく,Sec02,,,
waste,動詞,を浪費する，無駄にする,Sec02,,,
advance,動詞,を進歩させる；を進める；進歩する；進む,Sec02,,,
spread,動詞,を広める；広がる,Sec02,,,
prepare,動詞,を準備する；を調理する；（～のために）準備をする（for）,Sec02,,,
gain,動詞,を獲得する；（を）増す,Sec02,,,
achieve,動詞,を達成する；を成し遂げる,Sec02,,,
establish,動詞,を確立する；を設立する,Sec02,,,
supply,動詞/副詞,を供給する,Sec02,,,
suppose,動詞,と思う；と仮定する,Sec02,,,
perform,名詞,（を）行う；（を）演じる，（を）演奏する,Sec02,,,
prefer,名詞,のほうを好む,Sec02,,,
determine,動詞,を決定する；を正確に知る,Sec02,,,
treat,動詞,を扱う；を治療する,Sec02,,,
prove,動詞,を証明する；判明する，わかる,Sec02,,,
apply,動詞/副詞,を適用［応用］する；申し込む；（～に）適用される（to / in）,Sec02,,,
mention,動詞,に言及する；と言う,Sec02,,,
communicate,動詞,（～と）情報交換をする（with）；を伝達する,Sec02,,,
contain,動詞,を含む；を収容する；（感情など）を抑える,Sec02,,,
contact,動詞,と連絡を取る；接触する,Sec02,,,
regard,動詞,を見なす；を見る；を評価する,Sec02,,,
respect,動詞,を尊敬する；を尊重する,Sec02,,,
search,動詞,捜す；を捜索する；を詳しく調べる,Sec02,,,
connect,動詞,をつなぐ；を関連づける,Sec02,,,
decline,動詞,減少する；衰退する；を断る,Sec02,,,
prevent,動詞,を妨げる；を防ぐ,Sec02,,,
suffer,名詞,苦しむ；患う；（苦痛など）を経験する,Sec02,,,
survive,動詞,を切り抜けて生き残る；より長生きする；生き延びる,Sec02,,,
publish,動詞,を出版する；を公表する,Sec02,,,
opportunity,名詞,機会（≒ chance）,Sec02,,,
task,名詞,（課せられた）仕事，作業；課題；タスク,Sec02,,,
industry,名詞,産業；勤勉（≒ diligence）,Sec02,,,
medium,名詞,（情報伝達の）媒体；手段,Sec02,,,
economy,名詞,経済（状態）；経済圏；節約,Sec02,,,
policy,名詞,政策，方針；（個人の）主義,Sec02,,,
account,名詞,説明；勘定；口座,Sec02,,,
trade,名詞,貿易；商売，取引,Sec02,,,
model,名詞,模範；モデル；模型；型,Sec02,,,
figure,名詞,数字；姿；人物；図表,Sec02,,,
cell,名詞,細胞；独房；電池,Sec02,,,
image,名詞,印象，イメージ；画像；像,Sec02,,,
emotion,名詞,感情，情動；感動,Sec02,,,
stress,名詞,ストレス；圧力；強調,Sec02,,,
decade,名詞,10年間,Sec02,,,
range,名詞,範囲；射程距離；（同類の）組,Sec02,,,
character,名詞,性格，個性；特徴；登場人物；文字,Sec02,,,
advantage,名詞,利点；優勢；有利,Sec02,,,
phrase,名詞,句；成句；言葉遣い,Sec02,,,
damage,名詞,損害，損傷；〔～s〕損害賠償金,Sec02,,,
impact,名詞,影響；（激しい）衝突；衝撃（力）,Sec02,,,
method,名詞,方法；体系；秩序,Sec02,,,
resource,名詞,〔通例～s〕資源；〔通例～s〕資金；才覚,Sec02,,,
region,名詞,地域；領域；部位,Sec02,,,
medicine,名詞,薬；医学,Sec02,,,
detail,名詞,〔～s〕詳細（な情報），細部,Sec02,,,
feature,名詞,特徴；〔通例～s〕顔つき；特集記事［番組］,Sec02,,,
function,名詞,機能；関数,Sec02,,,
access,名詞,利用，入手；接近（の機会・方法・権利）,Sec02,,,
item,名詞,品目，項目；（同種の中の）～個；（短い）記事,Sec02,,,
income,名詞,収入；所得,Sec02,,,
attitude,名詞,態度；考え方，心構え,Sec02,,,
site,名詞,用地，場所；跡地；（ウェブ）サイト,Sec02,,,
aspect,名詞,（物事の）側面；観点；様相,Sec02,,,
structure,名詞,構造；体系；構造物,Sec02,,,
habit,名詞,習慣，癖,Sec02,,,
link,名詞,関連，つながり；（2地点を結ぶ）交通手段；リンク,Sec02,,,
instance,名詞,（具体的な）例，実例；（特定の）場合,Sec02,,,
positive,形容詞,肯定的な；積極的な；確信して；（検査結果が）陽性の,Sec02,,,
negative,形容詞,否定的な；消極的な；（検査結果が）陰性の,Sec02,,,
complex,形容詞,複雑な；複合（体）の,Sec02,,,
current,形容詞,現在の；現代の；通用している,Sec02,,,
mental,形容詞,精神の；知能の；頭の中で行う,Sec02,,,
specific,形容詞,特定の；明確な，具体的な；（～に）特有の（to）,Sec02,,,
significant,形容詞,重要な，重大な；意義深い,Sec02,,,
essential,形容詞,（～に）必要不可欠な（to / for）；本質的な,Sec02,,,
official,形容詞,公用の；公式の；役所の,Sec02,,,
financial,形容詞,財政（上）の；財界の,Sec02,,,
academic,形容詞,学問の；大学の,Sec02,,,
aware,名詞,気づいて，知って,Sec02,,,
worth,形容詞,（...する）に値する（doing）；の価値がある,Sec02,,,
potential,形容詞,潜在的な；可能性を秘めた,Sec02,,,
active,形容詞,積極的な；活動的な；効力のある,Sec02,,,
digital,形容詞,デジタル方式の；デジタル［数字］表示の,Sec02,,,
mobile,形容詞,可動［移動］式の；流動性のある,Sec02,,,
novel,名詞,斬新な，目新しい,Sec02,,,
plastic,形容詞,柔軟な；プラスチックの，ビニールの,Sec02,,,
chemical,形容詞,化学の，化学的な,Sec02,,,
necessary,形容詞,必要な（≒ essential ⇒ 186）,Sec02,,,
eventually,副詞,結局（は）,Sec02,,,
identify,動詞,を特定する；を（～と）同一視する（with）,Sec03,,,
represent,動詞,を表す；を代表する；に相当する,Sec03,,,
indicate,動詞,を指し示す；を述べる,Sec03,,,
manage,動詞,をなんとか成し遂げる；を管理する,Sec03,,,
attend,動詞,に出席する；（を）世話する；（～に）対処［対応］する（to）,Sec03,,,
maintain,動詞,を維持する；と主張する；を養う,Sec03,,,
survey,動詞,を調査する；をじろじろ見る；を概観する,Sec03,,,
replace,動詞,に取って代わる；を取り替える,Sec03,,,
sort,動詞,を（～に）分類する（into）；を（～から）えり分ける（from）,Sec03,,,
conduct,動詞,（調査・実験など）を実施する；を導く,Sec03,,,
associate,動詞,を結び付けて考える；（～と）交際する（with）,Sec03,,,
attempt,動詞,を試みる，企てる,Sec03,,,
promote,動詞,を促進する；〔通例受身形で〕昇進する,Sec03,,,
earn,動詞,を稼ぐ；を得る；をもたらす,Sec03,,,
unite,動詞,を団結させる；（を）結合する；団結する,Sec03,,,
feed,動詞,に食べ物［乳］を与える；に（～を）供給［補給］する（with）；餌を食べる,Sec03,,,
seek,動詞,を追い求める；（助けなど）を要請する,Sec03,,,
observe,動詞,に気づく；を観察する；を遵守する,Sec03,,,
reveal,動詞,を明らかにする；を見せる,Sec03,,,
estimate,動詞,と推定する；を見積もる；を評価する,Sec03,,,
reflect,動詞,を反映する；（を）反射する；（を）熟考する,Sec03,,,
attract,動詞,を引きつける,Sec03,,,
decrease,動詞,減少する（⇔ increase ⇒ 2）；を減らす,Sec03,,,
ignore,動詞,を無視する,Sec03,,,
match,動詞,（と）合う；に匹敵する；一致する,Sec03,,,
define,動詞,を定義する；を明確にする,Sec03,,,
adapt,動詞,適応する；を（～に）適合させる（to）,Sec03,,,
contribute,名詞,貢献する，一因となる；（を）寄付する；（を）寄稿する,Sec03,,,
exchange,名詞,（を）交換する；両替する,Sec03,,,
display,動詞,を示す；を発揮する；を展示［陳列］する,Sec03,,,
respond,名詞,反応する；答える,Sec03,,,
hide,動詞,を隠す（≒ conceal ⇒ 1116）；隠れる,Sec03,,,
doubt,動詞,ではないと思う；を疑う,Sec03,,,
remove,動詞,を取り除く；を解雇する,Sec03,,,
wind,名詞,（ねじなど）を巻く；（道などが）曲がりくねる；巻きつく,Sec03,,,
assume,動詞,を当然のことと思う，と仮定する；（権力など）を手に入れる；（責任など）を引き受ける,Sec03,,,
relax,動詞,くつろぐ；緩む；をくつろがせる；を緩める,Sec03,,,
satisfy,動詞,を満足させる；（条件など）を満たす,Sec03,,,
desire,動詞,を強く望む,Sec03,,,
succeed,名詞,（～に）成功する（in）；（～を）継承する（to）,Sec03,,,
concept,名詞,概念；考え；（商品・販売の）コンセプト,Sec03,,,
fashion,名詞,流行，ファッション；方法，流儀,Sec03,,,
device,名詞,装置，機器；方策；デバイス,Sec03,,,
charge,名詞,料金；世話；管理；告発,Sec03,,,
contrast,名詞,（～との）対照（with / to）,Sec03,,,
colleague,名詞,（職場の）同僚,Sec03,,,
pain,名詞,苦痛，痛み；苦悩；〔～s〕骨折り,Sec03,,,
bill,名詞,請求書；【英】勘定書（≒ 【米】check）；法案,Sec03,,,
content,形容詞,内容，中身；コンテンツ,Sec03,,,
section,名詞,部門；部分；地区；欄,Sec03,,,
audience,名詞,〔集合的に〕聴衆，観客；視聴者,Sec03,,,
surface,名詞,表面；〔the ～〕外見,Sec03,,,
crop,名詞,〔しばしば～s〕作物；収穫高,Sec03,,,
topic,形容詞,話題，トピック；主題,Sec03,,,
technique,名詞,技術；技巧；手法,Sec03,,,
status,名詞,地位；状態,Sec03,,,
option,名詞,選択（の自由）；選択肢,Sec03,,,
reward,副詞,報酬；報い,Sec03,,,
race,名詞,人種；民族；競争,Sec03,,,
crime,名詞,罪，犯罪；違法行為,Sec03,,,
conflict,名詞,争い；論争；不一致,Sec03,,,
struggle,名詞,闘い；懸命の努力,Sec03,,,
context,名詞,状況，背景；文脈,Sec03,,,
debate,形容詞,討論，論争；討論会,Sec03,,,
fuel,形容詞,燃料；勢いを増加させるもの,Sec03,,,
pollution,名詞,汚染，公害,Sec03,,,
trend,名詞,（～への）傾向（toward）；流行,Sec03,,,
balance,名詞,均衡，バランス；（体の）平衡；残高,Sec03,,,
traffic,形容詞,交通；通行；交通［輸送］量；（不正）取引,Sec03,,,
strategy,名詞,戦略,Sec03,,,
basis,名詞,基礎；根拠；基準,Sec03,,,
consequence,名詞,〔通例～s〕結果；重大性,Sec03,,,
aim,名詞,目的，目標；狙い,Sec03,,,
ancestor,名詞,祖先（⇔ descendant 子孫）；原型,Sec03,,,
gene,名詞,遺伝子,Sec03,,,
track,名詞,跡；軌道；【米】（鉄道の）番線；走路,Sec03,,,
revolution,名詞,革命；回転；（天体の）公転（⇔ rotation 自転）,Sec03,,,
progress,名詞,進歩；前進,Sec03,,,
cognitive,形容詞,認知の,Sec03,,,
ideal,形容詞,理想的な；観念的な,Sec03,,,
efficient,形容詞,効率的な；有能な,Sec03,,,
universal,形容詞,普遍的な；宇宙の；万能の,Sec03,,,
vast,形容詞,莫大な；広大な,Sec03,,,
extra,形容詞,追加の，余分の；別勘定の,Sec03,,,
entire,形容詞,全体の，全部の（≒ whole）；完全な,Sec03,,,
familiar,名詞,精通している；よく知られている,Sec03,,,
obvious,形容詞,明らかな（≒ clear）,Sec03,,,
moral,形容詞,道徳（上）の，倫理的な；道徳的な,Sec03,,,
ordinary,形容詞,一般の，普通の；並の,Sec03,,,
equal,形容詞,（～に）等しい（to）；匹敵する；平等な,Sec03,,,
previous,形容詞,以前の，前の,Sec03,,,
FALSE,形容詞,間違った；虚偽の；偽の,Sec03,,,
rare,形容詞,まれな，珍しい；希少な,Sec03,,,
legal,形容詞,法律の；合法の（⇔ illegal 違法の）,Sec03,,,
independent,形容詞,（～から）独立した（of / from）,Sec03,,,
extreme,形容詞,極端な；極度の，過激な,Sec03,,,
actual,形容詞,実際の，現実の,Sec03,,,
willing,名詞,いとわない，かまわないと思う,Sec03,,,
urban,形容詞,都市の；都会的な（⇔ rural ⇒ 387）,Sec03,,,
whereas,接続詞,～するのに（対し），～する一方,Sec03,,,
predict,動詞,を予言［予測］する,Sec04,,,
examine,動詞,を調べる；を診察する；を尋問する,Sec04,,,
trust,動詞,を信頼する；を（信頼して）託す,Sec04,,,
stick,動詞,を動けなくする；を突き刺す；（～に）くっつく（to / on）,Sec04,,,
emerge,動詞,現れる；明らかになる；台頭する,Sec04,,,
vary,動詞/形容詞,さまざまである；変わる；を変える,Sec04,,,
release,動詞,を放出する；を解放する；を発表する,Sec04,,,
divide,動詞,を分ける；分かれる,Sec04,,,
enable,動詞,（人）が...できるようにする；を可能にする,Sec04,,,
judge,動詞,（を）判断する；に判決を下す,Sec04,,,
rely,動詞/副詞,頼る（≒ depend ⇒ 36）,Sec04,,,
engage,動詞,を従事させる；を（～として）雇う（as）；（～に）従事する（in / with）,Sec04,,,
shift,動詞,を変える，移す；変わる；移動する,Sec04,,,
adopt,動詞,を採用する；（態度など）をとる；を養子にする,Sec04,,,
acquire,動詞,を得る；を習得する,Sec04,,,
expand,名詞,（を）拡大する；（を）詳説する,Sec04,,,
refuse,動詞,を拒む；を断る；拒絶する,Sec04,,,
strike,動詞,の心を打つ；を襲う；を打つ；（に）ぶつかる,Sec04,,,
repeat,動詞,（を）繰り返す；を復唱する,Sec04,,,
consume,動詞,を消費する；を食べる，飲む,Sec04,,,
confuse,動詞,を混同する；を当惑させる,Sec04,,,
select,動詞,を選ぶ，えり抜く,Sec04,,,
evolve,名詞,（徐々に）発展する；進化する,Sec04,,,
convince,動詞,を納得［確信］させる,Sec04,,,
recall,動詞,を思い出す；を呼び戻す,Sec04,,,
destroy,動詞,を破壊する；（人）を破滅させる,Sec04,,,
preserve,動詞,を保存する；を保持する；を保護する,Sec04,,,
organize,動詞,を準備する；を組織する,Sec04,,,
warn,名詞,（人）に（～を）警告［注意］する（of / against）,Sec04,,,
address,動詞,（問題など）に対処する；に演説する；（手紙など）を（～宛てに）出す（to）,Sec04,,,
operate,動詞,を操作する；機能する；手術する,Sec04,,,
participate,動詞,参加する,Sec04,,,
surround,動詞,を取り巻く；にまつわる,Sec04,,,
flow,名詞,流れる；（～から）生じる（from）,Sec04,,,
bore,名詞,（人）を退屈させる，うんざりさせる,Sec04,,,
complain,名詞,（と）不平［苦情］を言う；訴える,Sec04,,,
host,動詞,を主催する；のホスト役を務める,Sec04,,,
combine,動詞,を（～と）結び付ける（with）；（～と）結び付く（with）,Sec04,,,
extend,動詞,を伸［延］ばす；伸びる；及ぶ,Sec04,,,
appreciate,動詞,を正当に評価する；を鑑賞する；を感謝する,Sec04,,,
target,名詞,（到達・攻撃）目標；的,Sec04,,,
element,形容詞,要素，成分；元素；〔an / ofで〕少しの,Sec04,,,
principle,名詞,原則，原理；主義，信条,Sec04,,,
phenomenon,名詞,現象,Sec04,,,
atmosphere,名詞,〔the ～〕大気；雰囲気,Sec04,,,
origin,名詞,起源；源,Sec04,,,
personality,名詞,個性，性格,Sec04,,,
capacity,名詞,（最大）容量，収容能力；（潜在）能力,Sec04,,,
profit,名詞,利益；収益（率）；得,Sec04,,,
circumstance,名詞,〔通例～s〕状況，事情；境遇,Sec04,,,
manner,名詞,〔～s〕作法；方法；物腰,Sec04,,,
threat,名詞,脅威；（悪い）兆し；脅迫,Sec04,,,
resident,形容詞,居住者；滞在者,Sec04,,,
wealth,名詞,富；資源；富裕,Sec04,,,
institution,名詞,機関；協会；施設；制度,Sec04,,,
authority,名詞,〔通例 the ～ties〕（関係）当局；権威；権限,Sec04,,,
vote,名詞,投票；投票結果；〔the ～〕選挙権,Sec04,,,
sight,名詞,光景；〔the ～s〕名所；見（え）ること；視野；視力,Sec04,,,
campaign,名詞,運動；軍事行動,Sec04,,,
fund,名詞,〔しばしば～s〕基金，資金,Sec04,,,
web,名詞,〔the W-〕ウェブ；（クモの）巣,Sec04,,,
symbol,名詞,象徴，シンボル；記号；標章,Sec04,,,
analysis,名詞,分析（結果）（⇔ synthesis ⇒ 1868）,Sec04,,,
version,名詞,（本・製品などの）版；解釈,Sec04,,,
perspective,形容詞,観点，見方；大局観；遠近法,Sec04,,,
crisis,名詞,危機,Sec04,,,
disaster,名詞,災害；惨事,Sec04,,,
lecture,名詞,講義，講演；説教,Sec04,,,
psychology,名詞,心理学；心理（状態）,Sec04,,,
gender,名詞,（社会的・文化的）性，性別,Sec04,,,
custom,名詞,（社会的な）慣習；〔～s〕税関；〔～s〕関税,Sec04,,,
court,名詞,裁判所，法廷；裁判；宮廷；中庭,Sec04,,,
desert,名詞,砂漠；不毛の地,Sec04,,,
soil,名詞,土地，土壌；（悪事などの）温床,Sec04,,,
agriculture,名詞,農業；農学，畜産,Sec04,,,
fossil,名詞,化石；時代遅れの人［物］,Sec04,,,
document,形容詞,（公）文書，書類；記録，資料,Sec04,,,
vocabulary,形容詞,語彙,Sec04,,,
intelligent,形容詞,聡明な；知能を有する,Sec04,,,
conscious,形容詞,意識して，気づいて（≒ aware）,Sec04,,,
capable,形容詞,能力がある；有能な,Sec04,,,
accurate,形容詞,正確な；精密な,Sec04,,,
fundamental,形容詞,基本的な；必須の,Sec04,,,
artificial,形容詞,人工の（⇔ natural 自然の）；不自然な,Sec04,,,
firm,形容詞,確固たる；堅固な；安定した,Sec04,,,
overall,形容詞,総合的な；全体的な,Sec04,,,
rural,形容詞,田舎の（⇔ urban ⇒ 299），田園の,Sec04,,,
military,形容詞,軍の，軍事（用）の,Sec04,,,
nuclear,形容詞,核の，原子力の,Sec04,,,
biological,形容詞,生物学（上）の,Sec04,,,
constant,形容詞,絶え間ない；一定の,Sec04,,,
severe,形容詞,（人・規律・事態・天気などが）厳しい；猛烈な,Sec04,,,
visual,形容詞,視覚の；目に見える,Sec04,,,
enormous,形容詞,莫大な，巨大な,Sec04,,,
convenient,形容詞,便利な，都合のいい,Sec04,,,
domestic,形容詞,家庭の；国内の；（動物が）飼いならされた,Sec04,,,
mass,形容詞,大規模な，大量の；大衆（向け）の,Sec04,,,
typical,形容詞,典型的な；（～に）特有の（of）,Sec04,,,
overseas,名詞,海外へ［に，で］（≒ abroad）,Sec04,,,
nevertheless,副詞,それにもかかわらず（≒ nonetheless ⇒ 1000）,Sec04,,,
demonstrate,動詞,を論証［証明］する；デモをする,Sec05,,,
behave,名詞,振る舞う；作動する,Sec05,,,
educate,動詞,を教育する；に教える；（能力など）を養う,Sec05,,,
purchase,動詞,を購入する,Sec05,,,
recommend,動詞,を勧める,Sec05,,,
admit,動詞,（を）（しぶしぶ）認める；に（～への）入場［入学など］を認める（to / into）,Sec05,,,
generate,動詞,を生み出す；（電気など）を発生させる,Sec05,,,
explore,名詞,（を）調査［探究］する；（を）探検［探査］する,Sec05,,,
amaze,動詞,をびっくりさせる,Sec05,,,
tear,動詞,を引き裂く；裂ける,Sec05,,,
settle,動詞,を解決する；（に）移り住む；を落ち着かせる,Sec05,,,
afford,動詞/形容詞,を持つ［する］余裕がある；を与える,Sec05,,,
conclude,動詞,と結論づける；を締めくくる；を締結する,Sec05,,,
advertise,動詞,を宣伝する；（～を求める）広告を出す（for）,Sec05,,,
encounter,動詞,に遭遇する；に（思いがけず）出会う,Sec05,,,
remind,動詞,に思い出させる,Sec05,,,
locate,形容詞,〔受身形で〕位置する；の位置を探し当てる,Sec05,,,
aid,動詞,を援助する，助ける（≒ help）,Sec05,,,
bite,名詞,（を）かむ，（に）かみつく；（を）刺す,Sec05,,,
deliver,動詞,を配達する；（演説・講義）をする；子を産む,Sec05,,,
perceive,動詞,に気づく；を知覚する；を理解する,Sec05,,,
distinguish,動詞,を区別する,Sec05,,,
imply,動詞/副詞,を暗に意味する；を必然的に伴う,Sec05,,,
handle,動詞,を処理する，扱う；を論じる；を商う,Sec05,,,
praise,動詞,を（～のことで）賞賛する（for）；賛美する,Sec05,,,
appeal,形容詞,訴える；抗議する；（上級審に）上訴する,Sec05,,,
insist,名詞,（を）強く主張する；要求する,Sec05,,,
compete,名詞,競う；〔通例否定文で〕（～に）匹敵する（with）,Sec05,,,
rank,動詞,を位置づける，評価する；（ある地位に）位置する,Sec05,,,
deny,動詞,を否定する；を拒む,Sec05,,,
reject,動詞,を拒否する,Sec05,,,
intend,動詞,を意図する,Sec05,,,
expose,動詞,をさらす；を暴露する；を露出する,Sec05,,,
favor,動詞,に賛成する；を好む；をひいきする,Sec05,,,
inspire,動詞,（人）を奮起させる；を喚起する,Sec05,,,
propose,動詞,を提案する；をもくろむ；結婚を申し込む,Sec05,,,
spell,動詞,（語）をつづる；という語になる,Sec05,,,
breathe,動詞,呼吸する；を吸う,Sec05,,,
repair,動詞,を修理する（≒ fix）；を修復する,Sec05,,,
consist,名詞,（～から）成る（of）；（～に）ある（in）,Sec05,,,
comment,形容詞,意見，コメント；批判,Sec05,,,
instruction,名詞,〔通例～s〕指示；〔～s〕（製品の）使用書,Sec05,,,
religion,名詞,宗教；信条；信仰（心）,Sec05,,,
neighborhood,名詞,地域；近所,Sec05,,,
laboratory,形容詞,実験室，研究室,Sec05,,,
presence,名詞,存在；出席；面前,Sec05,,,
confidence,名詞,自信；信頼；秘密,Sec05,,,
harm,名詞,害，損害,Sec05,,,
instrument,形容詞,器具；楽器（≒ musical instrument）,Sec05,,,
category,形容詞,部類，区分；範疇,Sec05,,,
capital,形容詞,資本；首都；大文字（≒ capital letter）,Sec05,,,
outcome,名詞,結果（≒ result）；成果,Sec05,,,
notion,名詞,概念，観念；見解；意向,Sec05,,,
review,名詞,（書物などの）論評；再調査；【米】復習,Sec05,,,
trait,名詞,特性（≒ feature）,Sec05,,,
diversity,名詞,多様性；相違点,Sec05,,,
victim,名詞,犠牲（者），被害者,Sec05,,,
occasion,名詞,場合，時；行事；機会,Sec05,,,
facility,名詞,施設，設備；機能；才能,Sec05,,,
stock,名詞,在庫品；蓄え；株,Sec05,,,
conference,名詞,会議；協議,Sec05,,,
humanity,名詞,人類；人間性；人情；〔（the） ～ties〕人文科学,Sec05,,,
dialect,名詞,方言,Sec05,,,
proportion,名詞,割合；部分；釣り合い,Sec05,,,
tip,名詞,助言，秘訣；チップ；先端,Sec05,,,
lawyer,名詞,弁護士,Sec05,,,
stuff,名詞,（漠然と）物；素材；素質,Sec05,,,
comfort,名詞,快適さ；慰め,Sec05,,,
philosophy,名詞,哲学；原理；人生観,Sec05,,,
mammal,形容詞,哺乳動物,Sec05,,,
quantity,名詞,量（⇔ quality ⇒ 69）；分量,Sec05,,,
landscape,名詞,風景；領域；状況,Sec05,,,
tribe,名詞,部族；仲間,Sec05,,,
organ,名詞,器官，臓器；組織；（パイプ）オルガン,Sec05,,,
trial,形容詞,試み，（品質・性能などの）試験；裁判；試用期間,Sec05,,,
norm,名詞,規範；標準,Sec05,,,
code,名詞,規範；暗号；法典,Sec05,,,
substance,名詞,物質；実体；趣旨,Sec05,,,
multiple,形容詞,多様な；種々雑多な,Sec05,,,
numerous,形容詞,非常に数の多い,Sec05,,,
narrow,名詞,狭い；細い；限られた,Sec05,,,
widespread,名詞,広範囲にわたる；広く普及した,Sec05,,,
sufficient,形容詞,（～に；...するのに）十分な（for；to do）,Sec05,,,
proper,形容詞,適切な；正式の；〔名詞の後ろで〕主要な；（～に）固有の（to）,Sec05,,,
linguistic,形容詞,言語の，言語学の,Sec05,,,
annual,形容詞,年1回の，例年の；1年間の,Sec05,,,
contemporary,形容詞,現代の；同時代の；同年輩の,Sec05,,,
contrary,形容詞/名詞,（～と）反対の（to）,Sec05,,,
strict,形容詞,（規則などが）厳しい；厳格な,Sec05,,,
civil,形容詞,市民の；民間の；民事の（⇔ criminal 刑事の）,Sec05,,,
odd,形容詞,奇妙な（≒ strange）；奇数の,Sec05,,,
unknown,形容詞,不明の；（～に）知られていない（to），無名の,Sec05,,,
superior,名詞,よりすぐれた（⇔ inferior ⇒ 1092）,Sec05,,,
sensitive,形容詞,敏感な；神経質な；微妙な,Sec05,,,
violent,形容詞,（人・気質などが）激しい；暴力的な,Sec05,,,
virtual,形容詞,仮想の；事実上の,Sec05,,,
regardless,形容詞,（～に）かまわない，無頓着な（of）,Sec05,,,
immediate,形容詞,即座の；当面の；すぐそばの；直接の,Sec05,,,
crucial,形容詞,重要な,Sec05,,,
somewhat,副詞,いくぶん，多少,Sec05,,,
interpret,動詞,を解釈する；（を）通訳する,Sec06,,,
translate,動詞,を翻訳する；を（～に）変える（into）,Sec06,,,
concentrate,形容詞,（を）集中する,Sec06,,,
request,動詞,に（...するように）頼む（to do）；を要請する,Sec06,,,
criticize,動詞,を批判する；を批評する,Sec06,,,
overcome,動詞,を克服する,Sec06,,,
obtain,動詞,を得る,Sec06,,,
inform,動詞,に知らせる；情報を提供する,Sec06,,,
ensure,動詞,を確実にする（≒ make sure）；を守る,Sec06,,,
announce,動詞,を発表［公表］する，知らせる；（物事が）を告げる,Sec06,,,
grant,動詞,（人）に（許可・権利など）を与える；を認める,Sec06,,,
freeze,動詞,凍る；を凍らせる；（計画・資金など）を凍結する,Sec06,,,
oppose,動詞,に反対する；を対抗［対比］させる,Sec06,,,
differ,動詞,異なる,Sec06,,,
hate,動詞,をひどく嫌う；を残念に思う,Sec06,,,
emphasize,動詞,を強調する；を重視する,Sec06,,,
employ,動詞,を雇う（≒ give ～ a job）；を使う（≒ use）,Sec06,,,
credit,動詞,（功績など）を（～に）帰する（to）；を信じる,Sec06,,,
transform,動詞,を変える；変わる,Sec06,,,
construct,動詞,を建設する（＝ build）；を構成する,Sec06,,,
arise,動詞,生じる,Sec06,,,
beat,動詞,を打ち負かす；（を）打つ，たたく,Sec06,,,
regret,動詞,を後悔する,Sec06,,,
alter,動詞,を変える；変わる（≒ change）,Sec06,,,
absorb,動詞,を吸収する；を併合する；を夢中にさせる,Sec06,,,
disappoint,動詞,を失望させる；（希望など）をくじく,Sec06,,,
cure,動詞,を治す；を取り除く；（病気が）治る,Sec06,,,
transport,動詞,を輸送する；を運ぶ,Sec06,,,
rush,動詞,急いで行く；性急に行動する；をせき立てる,Sec06,,,
hang,動詞,を掛ける；を絞首刑にする；垂れ（下が）る,Sec06,,,
blame,動詞,を責める；の責任を負わせる,Sec06,,,
ban,動詞,を（法的に）禁止する；を締め出す,Sec06,,,
fascinate,動詞,を魅了する,Sec06,,,
recover,動詞,回復する；を取り戻す,Sec06,,,
celebrate,動詞,を祝う；を挙行する,Sec06,,,
manufacture,動詞,を製造する；をでっち上げる,Sec06,,,
interact,名詞,影響し合う；相互に作用する,Sec06,,,
arrange,動詞,の段取りをつける；を手配する；を配置する,Sec06,,,
adjust,動詞,を調整する；を適合させる；順応する,Sec06,,,
confirm,動詞,を確認する；を裏づける,Sec06,,,
insight,名詞,見識，理解（力）；洞察力,Sec06,,,
innovation,名詞,革新；新機軸,Sec06,,,
budget,名詞,予算；経費,Sec06,,,
fee,名詞,料金；謝礼,Sec06,,,
expense,名詞,〔～s〕経費；費用；犠牲,Sec06,,,
debt,名詞,借金，負債；恩義,Sec06,,,
loan,名詞,貸付金，融資；貸すこと,Sec06,,,
duty,名詞,義務；〔しばしば～ties〕職務；関税,Sec06,,,
alarm,名詞,不安，恐れ；警報装置,Sec06,,,
emergency,名詞,緊急（事態）,Sec06,,,
democracy,名詞,民主主義，民主政治；民主国家,Sec06,,,
minister,名詞,大臣；（プロテスタント系の）聖職者,Sec06,,,
fellow,名詞,仲間，同僚；同級生；男,Sec06,,,
candidate,形容詞,（～の）候補（者）（for）；志願者,Sec06,,,
corporation,名詞,（大）企業；法人,Sec06,,,
stereotype,名詞,固定観念；決まり文句,Sec06,,,
route,名詞,道（筋）；路線，ルート；（～の）手段（to）,Sec06,,,
disorder,名詞,障害，（心身の）不調；混乱,Sec06,,,
depression,名詞,憂うつ；うつ病；不況；低気圧,Sec06,,,
weapon,名詞,兵器，武器（≒ arms）,Sec06,,,
immigration,名詞,（他国からの）移民，移住；入国管理,Sec06,,,
barrier,名詞,（～に対する）障壁（against / to）；防壁,Sec06,,,
disadvantage,名詞,不利（な点）；障害；（信用などの）損失,Sec06,,,
mood,名詞,気分；機嫌；雰囲気,Sec06,,,
motion,名詞,動き，動作；運動；動議,Sec06,,,
routine,名詞,決まり切った仕事；いつもの手順,Sec06,,,
discipline,名詞,規律，しつけ；訓練；懲戒；学問分野,Sec06,,,
myth,名詞,作り話；神話,Sec06,,,
hypothesis,名詞,仮説；憶測,Sec06,,,
physician,名詞,【主に米】 医師（≒ doctor）；内科医,Sec06,,,
client,形容詞,顧客（≒ customer）；（弁護士などの）依頼人,Sec06,,,
colony,名詞,植民地；集団居住地；（動植物の）コロニー,Sec06,,,
statistics,名詞,統計；統計学,Sec06,,,
grain,名詞,穀物；粒；きめ,Sec06,,,
ingredient,形容詞,材料，成分；（成功の）要因,Sec06,,,
treasure,名詞,宝物，財宝；財産,Sec06,,,
contract,名詞,契約（書）；協定,Sec06,,,
welfare,名詞,福祉，幸福,Sec06,,,
prime,形容詞,主要な，最も重要な；最適な；極上の,Sec06,,,
curious,形容詞,好奇心の強い；奇妙な,Sec06,,,
dramatic,形容詞,劇的な；演劇の,Sec06,,,
distinct,動詞/形容詞,明らかに異なる；明瞭な,Sec06,,,
anxious,形容詞,心配して；切望して,Sec06,,,
vital,形容詞,必要不可欠な；活気のある；生命にかかわる,Sec06,,,
conventional,形容詞,従来の；月並みな,Sec06,,,
abstract,名詞,抽象的な（⇔ concrete ⇒ 783）,Sec06,,,
minor,形容詞,重要でない；小さい（⇔ major ⇒ 88）,Sec06,,,
extraordinary,形容詞,並はずれた；異常な，驚くべき,Sec06,,,
stable,形容詞,安定した（⇔ unstable 不安定な）；動じない,Sec06,,,
flexible,形容詞,融通の利く，柔軟な,Sec06,,,
brief,形容詞,簡潔な；短い,Sec06,,,
aggressive,形容詞,攻撃的な；意欲的な,Sec06,,,
visible,形容詞,（目に）見える（⇔ invisible 見えない）；明白な,Sec06,,,
unexpected,形容詞,思いがけない，不意の,Sec06,,,
ethnic,形容詞,民族の，人種の；民族特有の,Sec06,,,
alien,形容詞,（～にとって）異質の（to）；外国の；宇宙人の,Sec06,,,
initial,形容詞,初めの,Sec06,,,
exact,形容詞,正確な；まさにその,Sec06,,,
precise,形容詞,正確な（≒ exact）；精密な；まさにその,Sec06,,,
latter,形容詞/名詞,後者の（⇔ former 前者の），後半の,Sec06,,,
commit,動詞,〔commit oneselfまたは受身形で〕献身する；（罪など）を犯す；を投入する,Sec07,,,
stimulate,動詞,を刺激する,Sec07,,,
enhance,名詞,（価値など）を高める，増す,Sec07,,,
pursue,動詞,を追求する；に従事する,Sec07,,,
react,名詞,反応する；化学反応を起こす,Sec07,,,
disagree,形容詞,不賛成である；意見が食い違う,Sec07,,,
stare,動詞,じっと見る；を見つめる,Sec07,,,
abandon,動詞,を捨てる；を放棄する，断念する,Sec07,,,
quit,動詞,をやめる；（場所）を去る,Sec07,,,
capture,動詞,をとらえる；をとりこにする,Sec07,,,
transfer,動詞,を移す；を伝える；移る；乗り換える,Sec07,,,
bother,動詞,を悩ます；（～を）気にかける（about / with）,Sec07,,,
persuade,動詞,を説得する；に確信させる,Sec07,,,
rent,動詞,を賃借りする；を賃貸しする,Sec07,,,
breed,動詞,を繁殖させる，育てる；繁殖する,Sec07,,,
invest,動詞,（を）投資する；に（～を）与える（with）,Sec07,,,
reserve,動詞,を予約する；を取っておく；（判断など）を保留する,Sec07,,,
trace,動詞,（足跡・起源など）をたどる；を捜し出す,Sec07,,,
illustrate,動詞,を説明する；に挿絵を入れる,Sec07,,,
advise,動詞,に忠告［助言］する；（を）助言する,Sec07,,,
convey,動詞,を伝える；を運ぶ，運搬する,Sec07,,,
attach,動詞,を（取り）付ける；を付与する,Sec07,,,
stretch,動詞,を伸ばす；を広げる；伸びる；及ぶ,Sec07,,,
puzzle,動詞,を当惑させる,Sec07,,,
disturb,動詞,をかき乱す；を妨害する；を動揺させる,Sec07,,,
crash,動詞,衝突する，墜落する；をぶつけて壊す,Sec07,,,
cope,名詞,うまく処理する,Sec07,,,
permit,動詞,を許可する（≒ allow）（⇔ forbid ⇒ 1013）,Sec07,,,
impress,動詞,を感動させる；に印象を与える,Sec07,,,
suspect,動詞,ではないかと思う；（人）を疑う,Sec07,,,
upset,動詞,を動揺させる；をだめにする,Sec07,,,
frighten,動詞,（人）を怖がらせる,Sec07,,,
import,動詞,を輸入する（⇔ export （を）輸出する）；を取り込む,Sec07,,,
export,名詞,（を）輸出する（⇔ import を輸入する）,Sec07,,,
investigate,動詞,を調査する；を究明する；（～を）調査する（into）,Sec07,,,
monitor,動詞,を監視する；を傍受する,Sec07,,,
calculate,動詞,を計算する；を予測する,Sec07,,,
eliminate,動詞,を取り除く,Sec07,,,
ease,動詞,を軽減する；和らぐ；緩む,Sec07,,,
launch,動詞,を開始する；を売り出す；を発射する,Sec07,,,
sequence,名詞,連続；一連（のもの）,Sec07,,,
therapy,名詞,療法；心理療法,Sec07,,,
symptom,名詞,症状；兆候（≒ sign）,Sec07,,,
incident,形容詞,出来事，事件；紛争,Sec07,,,
witness,名詞,目撃者（≒ eyewitness）；証人；証拠，証言,Sec07,,,
sum,名詞,（金）額；合計；要点,Sec07,,,
burden,動詞,負担；（重い）義務；積み荷,Sec07,,,
tone,名詞,口調；音色；雰囲気；色調,Sec07,,,
honor,名詞,光栄；名誉（⇔ dishonor 不名誉）；敬意,Sec07,,,
award,副詞,（～の）賞（for）；（証書などの）授与,Sec07,,,
priority,名詞,優先（事項）,Sec07,,,
logic,形容詞,論理；道理；論理学,Sec07,,,
minimum,名詞,最小限度（⇔ maximum ⇒ 965）,Sec07,,,
exception,名詞,（～の）例外（to）,Sec07,,,
clue,名詞,（～の）手がかり（to / about）；（パズルの）ヒント,Sec07,,,
bond,名詞,絆；債券；束縛；接着剤,Sec07,,,
virus,名詞,ウイルス；（感染症の）病原体,Sec07,,,
surgery,名詞,（外科）手術；外科，外科医学,Sec07,,,
insurance,名詞,保険；保険料；保険金,Sec07,,,
frame,名詞,枠，（額）縁；骨組み；体格,Sec07,,,
shelter,名詞,避難（所），保護,Sec07,,,
territory,形容詞,領土；（活動の）領域；（動物の）テリトリー,Sec07,,,
boundary,形容詞,境界（線）；〔通例～ries〕限界,Sec07,,,
habitat,名詞,生息地；（人の）居住地,Sec07,,,
district,名詞,地区；行政区,Sec07,,,
conservation,名詞,（動植物などの）保護；保存,Sec07,,,
harvest,名詞,収穫（物）；収穫期；漁獲高,Sec07,,,
predator,名詞,捕食動物；略奪者,Sec07,,,
trap,形容詞,わな；苦境,Sec07,,,
trick,名詞,こつ；策略；いたずら；芸当,Sec07,,,
fault,名詞,〔通例one's ～〕責任；欠点；誤り,Sec07,,,
discount,名詞,割引,Sec07,,,
bias,名詞,偏見；傾向,Sec07,,,
cooperation,名詞,協力，共同,Sec07,,,
patent,形容詞,特許（権）；特許品,Sec07,,,
dialogue,名詞,対話，会話；意見の交換,Sec07,,,
component,形容詞,構成要素；部品,Sec07,,,
reputation,名詞,評判；名声,Sec07,,,
verbal,形容詞,言葉の；口頭での；動詞の,Sec07,,,
internal,形容詞,内部の（⇔ external ⇒ 989）；国内の；内面的な,Sec07,,,
solid,形容詞,しっかりした；硬い；固体の,Sec07,,,
remote,名詞,（～から）遠く離れた（from）；かけ離れた,Sec07,,,
principal,形容詞,主要な；資本金の,Sec07,,,
sophisticated,形容詞,高性能の，精巧な；洗練された,Sec07,,,
equivalent,形容詞,等しい，相当する,Sec07,,,
rational,形容詞,理性的な；合理的な,Sec07,,,
relevant,形容詞,関係がある；適切な,Sec07,,,
absolute,名詞,絶対的な（⇔ relative 相対的な）,Sec07,,,
frequent,形容詞,頻繁な,Sec07,,,
permanent,形容詞,永続的な（⇔ temporary ⇒ 793）,Sec07,,,
intense,形容詞,強烈な；熱烈な,Sec07,,,
meaningful,形容詞,意味のある,Sec07,,,
evil,形容詞,邪悪な；有害な,Sec07,,,
extinct,名詞,絶滅した；廃止された,Sec07,,,
random,形容詞,無作為の；手当たり次第の,Sec07,,,
raw,形容詞,生の；未加工の,Sec07,,,
rude,形容詞,無礼な（⇔ polite 礼儀正しい）；粗野な,Sec07,,,
mere,形容詞,単なる，ほんの,Sec07,,,
tropical,形容詞,熱帯の,Sec07,,,
forth,副詞,前へ，先へ；それ以降,Sec07,,,
possess,動詞,を所有している；の心をとらえる,Sec08,,,
dominate,動詞,を支配する；（～より）優勢である（over）,Sec08,,,
guarantee,動詞,を保証する,Sec08,,,
melt,動詞,溶ける；なごむ；を溶かす,Sec08,,,
embarrass,動詞,に恥ずかしい思いをさせる,Sec08,,,
discourage,動詞,（人）にやる気をなくさせる；を落胆させる（⇔ encourage ⇒ 30）,Sec08,,,
detect,動詞,を感知する；を見つけ出す；に気づく,Sec08,,,
devote,動詞,をささげる,Sec08,,,
urge,動詞,に（強く）促す；を強く主張する；を駆り立てる,Sec08,,,
lend,動詞,を貸す（⇔ borrow を借りる）；（人）に（助言・援助など）を与える,Sec08,,,
restrict,動詞,を制限する,Sec08,,,
isolate,動詞,を孤立させる,Sec08,,,
accompany,動詞,に同行する；に付随する,Sec08,,,
exhaust,動詞,を疲れ果てさせる；を使い尽くす；排気する,Sec08,,,
annoy,動詞,を悩ます；〔受身形で〕腹が立つ,Sec08,,,
endanger,動詞,を危険にさらす,Sec08,,,
acknowledge,動詞,（事実など）を認める（≒ admit ⇒ 406）；に謝意を表す,Sec08,,,
admire,動詞,に（～のことで）敬服［感心］する（for）,Sec08,,,
evaluate,動詞,を評価する；を査定する,Sec08,,,
declare,動詞,を宣言する；を申告する,Sec08,,,
secure,動詞,を確保する；を守る,Sec08,,,
specialize,動詞,専門とする；【英】（～を）専攻する（in）（≒ 【米】major）,Sec08,,,
attribute,名詞,（結果など）を（～に）帰する（to）,Sec08,,,
pretend,名詞,（の）ふりをする,Sec08,,,
bury,動詞,を埋める；を埋葬する；を隠す,Sec08,,,
reverse,動詞,を逆転させる；を反対にする,Sec08,,,
resist,動詞,に抵抗する；〔通例否定文で〕を我慢する,Sec08,,,
scare,動詞,をおびえさせる；を脅す,Sec08,,,
imitate,動詞,をまねる；を模造する,Sec08,,,
assist,動詞,（を）援助する；を手伝う,Sec08,,,
resemble,動詞/形容詞,に似ている,Sec08,,,
retire,名詞,（～から）引退する，退職する（from）；退く,Sec08,,,
neglect,動詞,をおろそかにする，怠る；を無視する,Sec08,,,
collapse,動詞,崩壊する；（人が）倒れる；を折り畳む,Sec08,,,
reform,動詞,を改革する；を改心させる,Sec08,,,
protest,動詞,（に）抗議する；を主張する,Sec08,,,
owe,動詞/形容詞,に借りがある；のおかげである,Sec08,,,
sustain,動詞,を持続させる；を支える,Sec08,,,
assign,動詞,を割り当てる；を（～に）配属する（to）,Sec08,,,
accomplish,動詞,を成し遂げる,Sec08,,,
wisdom,名詞,知恵；賢明さ；学識,Sec08,,,
literacy,名詞,読み書きの能力；（特定分野の）知識,Sec08,,,
heritage,名詞,遺産,Sec08,,,
mission,名詞,使命；（外交）使節団；布教,Sec08,,,
license,名詞,免許（証）；許可,Sec08,,,
elite,名詞,〔通例the ～〕〔集合的に〕エリート,Sec08,,,
layer,名詞,層,Sec08,,,
motor,名詞,モーター；原動力,Sec08,,,
protein,名詞,たんぱく質,Sec08,,,
profession,名詞,職業；専門職；同業者仲間,Sec08,,,
editor,名詞,編集者；編集長,Sec08,,,
agent,形容詞,仲介者，代理人；薬剤,Sec08,,,
globe,名詞,地球（≒ earth）；世界；球,Sec08,,,
haven,動詞,避難所，保護区；港,Sec08,,,
row,名詞,列；（建物が並ぶ）通り,Sec08,,,
sacrifice,名詞,犠牲；いけにえ,Sec08,,,
means,名詞,〔単数・複数扱い〕手段；〔複数扱い〕資力，収入,Sec08,,,
session,名詞,集まり；（議会の）会期；（開会中の）議会,Sec08,,,
league,名詞,（競技）連盟；同盟,Sec08,,,
contest,名詞,コンテスト，競技（会）；争い,Sec08,,,
guard,名詞,警備員；警備隊；監視，警戒,Sec08,,,
opponent,形容詞,（試合・論争などの）相手；反対者,Sec08,,,
glance,名詞,（～を）ちらっと見ること（at）,Sec08,,,
divorce,名詞,離婚；分離,Sec08,,,
tissue,名詞,（生物の）組織；ティッシュペーパー,Sec08,,,
liquid,名詞,液体,Sec08,,,
inequality,名詞,不平等；不公平な事柄,Sec08,,,
prejudice,名詞,（～に対する）偏見（against）（≒ bias）,Sec08,,,
justice,名詞,公正，正義；司法,Sec08,,,
guideline,名詞,指針，ガイドライン；指導基準,Sec08,,,
platform,名詞,プラットフォーム；演壇；舞台,Sec08,,,
sector,名詞,（社会・経済などの）部門，セクター；（都市内の）地域,Sec08,,,
channel,名詞,チャンネル；伝達経路；海峡,Sec08,,,
glacier,名詞,氷河,Sec08,,,
primate,形容詞,霊長目の動物,Sec08,,,
usage,名詞,（使）用法；語法；習慣,Sec08,,,
fortune,名詞,財産；幸運（≒ luck）；運命,Sec08,,,
correlation,名詞,相互関係，相関（関係）,Sec08,,,
artistic,形容詞,芸術的な,Sec08,,,
literary,形容詞,文学の；文語の（⇔ colloquial 口語体の）,Sec08,,,
classic,形容詞,第一級の；典型的な；定番の,Sec08,,,
liberal,形容詞,自由主義の；寛大な；一般教養の,Sec08,,,
concrete,形容詞,具体的な（⇔ abstract ⇒ 586）；有形の,Sec08,,,
slight,形容詞,わずかな；取るに足らない,Sec08,,,
federal,形容詞,連邦（政府）の,Sec08,,,
primitive,形容詞,原始的な；未開の,Sec08,,,
unfamiliar,名詞,（～に）不慣れな（with）；（～に）（よく）知られていない（to）,Sec08,,,
subtle,形容詞,微妙な；（気体などが）希薄な,Sec08,,,
plain,形容詞,明らかな；平易な；飾りのない；率直な,Sec08,,,
marine,形容詞,海の；船舶の,Sec08,,,
apparent,形容詞,明白な；一見～らしい,Sec08,,,
reluctant,形容詞,気が進まない，嫌がる（⇔ willing ⇒ 298）,Sec08,,,
temporary,形容詞,一時的な（⇔ permanent ⇒ 690）,Sec08,,,
guilty,形容詞,罪悪感のある；（～について）有罪の（of）,Sec08,,,
royal,形容詞,王の,Sec08,,,
pure,形容詞,純粋な；潔白な；まったくの,Sec08,,,
incredible,形容詞,信じられない；すばらしい,Sec08,,,
eager,形容詞,（～を）熱望して（for）；熱心な,Sec08,,,
adequate,形容詞,十分な；適切な（⇔ inadequate 不適切な）,Sec08,,,
via,前置詞,～経由で；～の媒介で,Sec08,,,
assess,動詞,を評価する；を査定する,Sec09,,,
approve,動詞,賛成する；を承認する,Sec09,,,
remark,動詞,と述べる；（～について）意見を述べる（on / upon）,Sec09,,,
pose,名詞,（危険）を引き起こす；（問題など）を提起する；ポーズをとる；（～を）装う（as）,Sec09,,,
yield,動詞,をもたらす；を（～に）譲る（to）；（～に）屈する（to）,Sec09,,,
exhibit,動詞,を示す，見せる；を展示する,Sec09,,,
distribute,動詞,を（～に）分配する（to）；〔受身形で〕分布する,Sec09,,,
command,動詞,を命じる；を指揮する；（景色）を見渡せる,Sec09,,,
occupy,動詞,（空間・時間）を占める；を占領する,Sec09,,,
pop,動詞,ひょいと動く；不意に現れる；ポンとはじける,Sec09,,,
pile,動詞,を積み重ねる；積み重なる,Sec09,,,
greet,動詞,に挨拶する；を迎える,Sec09,,,
apologize,動詞,（～に；～のことで）謝る（to；for）；弁明する,Sec09,,,
frustrate,動詞,をいら立たせる；（計画・希望など）を挫折させる,Sec09,,,
relieve,動詞,を和らげる；〔受身形で〕（...して）安心する（to do）；を解放する,Sec09,,,
derive,動詞,由来する；を引き出す；を推論する,Sec09,,,
deserve,動詞,に値する,Sec09,,,
peer,名詞,（～を）じっと見る（at / into）,Sec09,,,
defeat,動詞,を負かす（≒ beat）；を失敗させる,Sec09,,,
convert,動詞,を変える；を改宗［転向］させる；を交換する,Sec09,,,
wed,動詞,と結婚する；を（～と）結婚させる（to）,Sec09,,,
delight,動詞,を喜ばせる；（～を）大いに喜ぶ（in）,Sec09,,,
boost,動詞,を押し上げる；を増加させる,Sec09,,,
endure,動詞,に耐える（≒ put up with）；（に）持ちこたえる,Sec09,,,
correspond,動詞,一致する；（～に）相当する（to）；文通する,Sec09,,,
impose,動詞,を課す；を押しつける,Sec09,,,
rescue,動詞,を救う,Sec09,,,
resolve,動詞,を解決する；を決意する；を議決する,Sec09,,,
register,動詞,を記録する，登録する；（～に）登録する（for）,Sec09,,,
interrupt,動詞,を中断させる；（の）邪魔をする,Sec09,,,
rid,動詞,から（～を）取り除く，除去する（of）,Sec09,,,
prohibit,動詞,を禁止する,Sec09,,,
compose,動詞,を構成する；を創作する；を鎮静する,Sec09,,,
misunderstand,名詞,（を）誤解する,Sec09,,,
punish,動詞,を罰する；に損傷を与える,Sec09,,,
ruin,動詞,をだめにする；を破滅させる；破滅する,Sec09,,,
defend,動詞,を防御する；を弁護する,Sec09,,,
embrace,動詞,を受け入れる；（を）抱擁する；を包含する,Sec09,,,
modify,動詞,を修正する；を緩和する,Sec09,,,
qualify,形容詞,（人）に資格を与える；資格がある,Sec09,,,
passion,名詞,情熱；熱中；激怒,Sec09,,,
enthusiasm,名詞,（～への）熱情，熱意（for）,Sec09,,,
phase,名詞,段階，局面；側面,Sec09,,,
mode,名詞,方式；気分；形態；流行,Sec09,,,
span,名詞,期間；範囲,Sec09,,,
gravity,名詞,重力，引力；重量；重大さ,Sec09,,,
orbit,名詞,軌道；（活動・勢力などの）範囲,Sec09,,,
asteroid,形容詞,小惑星（≒ minor planet）；ヒトデ（＝ starfish）,Sec09,,,
core,名詞,核心；芯,Sec09,,,
soul,名詞,精神；魂，霊魂；生気,Sec09,,,
nerve,名詞,神経；〔～s〕神経過敏；（...する）度胸（to do）,Sec09,,,
infection,名詞,感染（症）,Sec09,,,
mall,名詞,【主に米】 モール，ショッピングセンター,Sec09,,,
grocery,名詞,〔～ies〕食料雑貨；食料雑貨店,Sec09,,,
humor,名詞,ユーモア；気分，機嫌；気質,Sec09,,,
instinct,動詞,本能；勘，直感；（自然に起こる）衝動,Sec09,,,
faith,名詞,（～への）信頼（in）；信仰（心）,Sec09,,,
courage,名詞,勇気,Sec09,,,
incentive,形容詞,動機（づけ）；報奨金,Sec09,,,
prospect,名詞,見込み；〔～s〕（未来への）展望；有望な人,Sec09,,,
obstacle,名詞,（～に対する）障害（物）（to）,Sec09,,,
architecture,名詞,建築；建築様式；構造,Sec09,,,
stem,名詞,（草木の）茎，幹,Sec09,,,
illusion,名詞,錯覚，思い違い；幻想,Sec09,,,
discrimination,名詞,（～に対する）差別（against）；区別,Sec09,,,
shame,名詞,恥；残念なこと,Sec09,,,
drought,名詞,干ばつ；（慢性的な）不足,Sec09,,,
flavor,名詞,風味；特色,Sec09,,,
portion,名詞,部分；1人前；割り当て,Sec09,,,
recipe,名詞,調理法，レシピ；手順；秘訣,Sec09,,,
luxury,形容詞,ぜいたく（品）；〔形容詞的に〕豪華な,Sec09,,,
chip,名詞,小片，破片；欠けた箇所；集積回路,Sec09,,,
ritual,形容詞,儀式；（日常の）習慣的行為,Sec09,,,
sake,名詞,〔for the ～ ofで〕のために，の目的で；に免じて,Sec09,,,
prefecture,名詞,（日本の）県，府；（フランスなどの）県,Sec09,,,
council,名詞,（地方）議会；評議会；（公の）会議,Sec09,,,
administration,名詞,管理（部）；行政；政府（機関）,Sec09,,,
curriculum,名詞,教育課程，カリキュラム,Sec09,,,
precious,形容詞,貴重な；高価な（≒ valuable）,Sec09,,,
generous,形容詞,寛大な；気前のよい（⇔ stingy けちな）；豊富な,Sec09,,,
casual,形容詞,何気ない；形式ばらない,Sec09,,,
optimistic,形容詞,楽観的な（⇔ pessimistic ⇒ 1593）,Sec09,,,
rough,形容詞,粗い；大まかな；乱暴な,Sec09,,,
unpleasant,形容詞,不愉快な；不親切な，無礼な,Sec09,,,
Arctic,形容詞,北極の（⇔ Antarctic 南極の）,Sec09,,,
ultimate,形容詞,究極の,Sec09,,,
deaf,名詞,耳が聞こえない（≒ hard of hearing）,Sec09,,,
genuine,形容詞,"本物の（≒ authentic ⇒ 1580, real）；偽りのない",Sec09,,,
manual,形容詞,体［手］を使う；手の；手動式の,Sec09,,,
mechanical,形容詞,機械の；機械的な,Sec09,,,
instant,形容詞,即時の，すぐの；即席の,Sec09,,,
spare,形容詞,余分の，予備の,Sec09,,,
immune,名詞,（～に対して）免疫を持つ（to）；（～を）免れた（from）,Sec09,,,
harsh,形容詞,厳しい；（光・色・味などが）不快な,Sec09,,,
collective,形容詞,集団の，共同の,Sec09,,,
inevitable,形容詞,避けられない,Sec09,,,
profound,形容詞,重大な；深い；難解な,Sec09,,,
steady,形容詞,着実な，一定の；安定した,Sec09,,,
mature,名詞,成熟した（⇔ immature 未熟な）；熟した,Sec09,,,
likewise,副詞,同様に（≒ in the same way）,Sec09,,,
chase,名詞,（を）追跡する；（を）追求する,Sec10,,,
sue,動詞,を告訴する；（～を求めて）訴訟を起こす（for）,Sec10,,,
gaze,名詞,じっと見る,Sec10,,,
slip,名詞,滑る；滑り落ちる；そっと動く,Sec10,,,
load,動詞,に積む；に負わせる,Sec10,,,
overwhelm,動詞,を圧倒する；を（精神的に）打ちのめす,Sec10,,,
wander,名詞,歩き回る；それる；はぐれる,Sec10,,,
float,動詞,漂う，浮かぶ；を浮かべる,Sec10,,,
pour,動詞,を注ぐ；激しく降る；押し寄せる,Sec10,,,
substitute,動詞,を代わりに使う；（～の）代理をする（for）,Sec10,,,
pronounce,動詞,を発音する；を宣言する,Sec10,,,
shrink,動詞,縮む，縮小する；減少する；ひるむ,Sec10,,,
restore,動詞,を回復させる；を修復する,Sec10,,,
trigger,動詞,を引き起こす；のきっかけとなる,Sec10,,,
grab,動詞,をつかむ；を横取りする；を急いで食べる,Sec10,,,
retain,動詞,を保持する；を覚えている,Sec10,,,
reproduce,動詞,を複製する；を繁殖させる；繁殖する,Sec10,,,
bob,動詞,上下に動く；急に動く；を上下に動かす,Sec10,,,
entertain,動詞,を楽しませる；をもてなす,Sec10,,,
interfere,名詞,干渉する，介入する；邪魔する,Sec10,,,
cultivate,動詞,を養う；を耕す；を栽培する,Sec10,,,
underlie,形容詞,の根底にある,Sec10,,,
anticipate,動詞,を予期する；楽しみに待つ,Sec10,,,
justify,動詞,を正当化する,Sec10,,,
regulate,動詞,を規制する；を調整する,Sec10,,,
scan,動詞,を走査［スキャン］する；をざっと見る；を注意深く調べる,Sec10,,,
classify,動詞,を分類する；を機密扱いにする,Sec10,,,
submit,動詞,を提出する；〔submit oneselfで〕（～に）従う（to）,Sec10,,,
pause,名詞,（一時的に）中止する；（一瞬）立ち止まる,Sec10,,,
lean,動詞,傾く；寄りかかる；をもたせかける,Sec10,,,
bump,動詞,ぶつかる；をぶつける,Sec10,,,
fold,動詞,を折り畳む；（両腕）を組む；（折り）畳める,Sec10,,,
hesitate,形容詞,躊躇する，ためらう,Sec10,,,
pump,動詞,（液体・気体）をポンプで送り込む；をくみ出す；を注ぎ込む,Sec10,,,
mount,動詞,を据えつける；に着手する；（自転車など）に乗る；増える,Sec10,,,
exceed,動詞,を超える；に勝る,Sec10,,,
undergo,動詞,を経験する；（手術など）を受ける；に耐える,Sec10,,,
confront,動詞,に立ち向かう；（困難などが）に立ちはだかる,Sec10,,,
consult,動詞,（に）相談する；を参照する,Sec10,,,
fulfill,動詞,を実現させる；を果たす；を満たす,Sec10,,,
privilege,名詞,特権，特典,Sec10,,,
formation,名詞,形成；構成（物）；隊列,Sec10,,,
dimension,名詞,側面，局面；次元；寸法,Sec10,,,
neuron,名詞,ニューロン，神経単位,Sec10,,,
sensation,名詞,感覚；大評判,Sec10,,,
chart,名詞,図，グラフ；海図；ヒットチャート,Sec10,,,
geography,名詞,〔the ～〕地理；地理学,Sec10,,,
panel,名詞,（専門家の）一団；討論者一同；羽目板,Sec10,,,
semester,名詞,【主に米】 （2学期制の）学期,Sec10,,,
workforce,名詞,労働人口，総労働力；全従業員（数）,Sec10,,,
mill,名詞,製造工場；製粉所；粉ひき機,Sec10,,,
abuse,名詞,乱用；虐待,Sec10,,,
vice,名詞,（道徳上の）悪（⇔ virtue ⇒ 1078）；欠点,Sec10,,,
fate,形容詞,運命；結末；最期,Sec10,,,
tragedy,名詞,悲劇（的な事態）（⇔ comedy 喜劇）,Sec10,,,
scenario,名詞,（予想される）筋書き，事態；脚本,Sec10,,,
allergy,名詞,アレルギー,Sec10,,,
wound,名詞,（銃弾・刃物などによる）傷；痛手,Sec10,,,
antibiotic,形容詞,〔通例～s〕抗生物質,Sec10,,,
vaccine,名詞,ワクチン,Sec10,,,
metaphor,名詞,隠喩；比喩,Sec10,,,
folk,名詞,人々；〔～s〕皆さん；〔one's ～s〕家族,Sec10,,,
fare,名詞,（乗り物の）料金,Sec10,,,
transition,名詞,移り変わり；過渡期,Sec10,,,
maximum,名詞,最大限（⇔ minimum ⇒ 653）,Sec10,,,
galaxy,名詞,星雲，銀河；〔the G～〕銀河系,Sec10,,,
mineral,形容詞,鉱物；ミネラル,Sec10,,,
skeleton,名詞,骨格；骨組み；概略,Sec10,,,
counterpart,名詞,相当する物［人］,Sec10,,,
stroke,名詞,脳卒中；（ボールを）打つこと；（雷などの）一撃,Sec10,,,
pedestrian,名詞,歩行者,Sec10,,,
trail,名詞,（野山などの）小道；跡；手がかり,Sec10,,,
ecology,名詞,生態学；生態系；環境保護,Sec10,,,
sibling,名詞,きょうだい（の1人）,Sec10,,,
ratio,名詞,比率,Sec10,,,
mixture,名詞,混合（物）,Sec10,,,
charm,名詞,魅力；お守り,Sec10,,,
ambition,名詞,（～に対する）願望，野望（for）；野心,Sec10,,,
prominent,形容詞,卓越した；目立つ,Sec10,,,
radical,形容詞,急進的な；根本的な,Sec10,,,
prompt,形容詞,即座の，迅速な,Sec10,,,
informal,形容詞,形式ばらない，略式の（⇔ formal 正式の）；（言葉が）くだけた,Sec10,,,
mutual,形容詞,相互の；共通の,Sec10,,,
neutral,形容詞,中立の；（特徴・表情などが）はっきりしない,Sec10,,,
alert,形容詞,警戒して；敏速な,Sec10,,,
magnetic,形容詞,磁気の；磁石の；人を引きつける,Sec10,,,
polar,形容詞,極地の；電極の,Sec10,,,
fluent,形容詞,流ちょうな,Sec10,,,
external,形容詞,外部の（⇔ internal ⇒ 680）；対外的な,Sec10,,,
passive,形容詞,受動的な；消極的な,Sec10,,,
awful,形容詞,ひどい；嫌な；ものすごい,Sec10,,,
unrelated,形容詞,無関係の；血縁関係がない,Sec10,,,
cruel,形容詞,残酷な；むごい,Sec10,,,
fake,形容詞,偽の；見せかけだけの,Sec10,,,
vulnerable,形容詞,（攻撃などに）弱い，もろい；傷つきやすい,Sec10,,,
urgent,形容詞,緊急の,Sec10,,,
spiritual,形容詞,精神の（⇔ material ⇒ 73）；霊的な,Sec10,,,
modest,形容詞,謙虚な（≒ humble）；適度な；質素な,Sec10,,,
keen,形容詞,熱心な；鋭敏な；（感情・関心などが）強い,Sec10,,,
nonetheless,副詞,それにもかかわらず，それでもなお（≒ nevertheless）,Sec10,,,
negotiate,動詞,交渉する；を（交渉して）取り決める,Sec11,,,
grasp,動詞,を把握［理解］する；をしっかり握る,Sec11,,,
donate,動詞,を寄付する；（臓器・血液）を提供する,Sec11,,,
arrest,動詞,を逮捕する；を止める；（注意）を引く,Sec11,,,
crack,動詞,ひびが入る；にひびを入れる,Sec11,,,
tap,動詞,を軽くたたく；（液体）を出す；を盗聴する,Sec11,,,
split,動詞,を分割する；を分担する；分裂する,Sec11,,,
forecast,動詞,を予想［予測］する,Sec11,,,
exclude,動詞,を除外する（⇔include を含む）,Sec11,,,
overlook,動詞,を見落とす；を大目に見る；を見渡す,Sec11,,,
burst,名詞,破裂する；（～を）突然始める（into）,Sec11,,,
heal,形容詞,（人・傷など）を治す；治る,Sec11,,,
forbid,動詞,を禁じる（⇔permit 許可する）,Sec11,,,
install,動詞,をインストールする；を設置する；を就任させる,Sec11,,,
diminish,動詞,を減らす；減少する（≒decrease）,Sec11,,,
cite,動詞,を引き合いに出す；を引用する,Sec11,,,
quote,動詞,を引用する；を引き合いに出す,Sec11,,,
dispute,動詞,に異議を唱える；（を）議論する,Sec11,,,
highlight,動詞,を目立たせる、強調する,Sec11,,,
distract,名詞,（注意など）をそらす,Sec11,,,
cheat,動詞,をだます；不正をする,Sec11,,,
foster,動詞,をはぐくむ；を養育する；を心に抱く,Sec11,,,
obey,動詞,に従う；に服従する,Sec11,,,
bend,動詞,を曲げる；を屈服させる；曲がる,Sec11,,,
deprive,動詞,から（権利などを）奪う,Sec11,,,
govern,名詞,（を）統治する、支配する,Sec11,,,
log,動詞,〔log onで〕ログオンする；を記録する,Sec11,,,
transmit,動詞,を伝える；（電波・信号など）を送る,Sec11,,,
bully,動詞/副詞,をいじめる；を脅す,Sec11,,,
leap,名詞,跳ぶ；さっと動く；急上昇する,Sec11,,,
astonish,動詞,を驚かす,Sec11,,,
thrill,動詞,をぞくぞくさせる；わくわくする,Sec11,,,
nod,名詞,うなずく；会釈する；うとうとする,Sec11,,,
bow,名詞,おじぎする；屈服する,Sec11,,,
blend,動詞,を混ぜる；を調和させる；（～に）溶け込む（into）,Sec11,,,
complicate,動詞,を複雑にする,Sec11,,,
pitch,動詞,を投げる；倒れる；縦揺れする,Sec11,,,
persist,動詞,続く；固執する,Sec11,,,
dedicate,動詞,をささげる；を献呈する,Sec11,,,
equip,動詞,に備えつける,Sec11,,,
premise,動詞,前提；〔～s〕（建物を含めた）構内、敷地,Sec11,,,
input,名詞,入力（情報）、投入；（情報・時間などの）提供,Sec11,,,
merit,名詞,利点（⇔demerit 欠点）；功績；真価,Sec11,,,
sympathy,名詞,同情；（～に対する）共感（with/for）,Sec11,,,
compliment,形容詞,賛辞；表敬,Sec11,,,
infrastructure,名詞,インフラ、基本的施設；（経済）基盤,Sec11,,,
ray,名詞,光線；ひらめき、一筋の光明,Sec11,,,
distress,名詞,苦悩；苦痛；困窮,Sec11,,,
joint,名詞,関節；接合（部）,Sec11,,,
expedition,名詞,遠征（隊）、探検（隊）,Sec11,,,
adolescent,形容詞,青年；青年期の,Sec11,,,
shade,名詞,（日）陰；色合い；日よけ；微妙な相違,Sec11,,,
jury,名詞,陪審（員団）；審査員団,Sec11,,,
ethic,形容詞,倫理、道徳；〔～s〕倫理［道徳］規範,Sec11,,,
penalty,名詞,（刑）罰；罰金；ペナルティー,Sec11,,,
faculty,名詞,能力、機能；学部；教授陣,Sec11,,,
scheme,名詞,計画（≒plan）；体系；陰謀,Sec11,,,
nutrition,名詞,栄養（の摂取）,Sec11,,,
particle,名詞,（微）粒子；ほんのわずか,Sec11,,,
molecule,名詞,分子；微粒子,Sec11,,,
nationality,名詞,国籍；国民；国民性,Sec11,,,
poll,名詞,世論調査；投票（数）,Sec11,,,
clinic,形容詞,診療所、クリニック；（病院内の）～科,Sec11,,,
dementia,名詞,認知症,Sec11,,,
fatigue,名詞,疲労（≒exhaustion）,Sec11,,,
dilemma,名詞,ジレンマ、板ばさみ,Sec11,,,
queue,名詞,【英】（順番を待つ）列,Sec11,,,
curve,名詞,（道路などの）カーブ；曲線,Sec11,,,
narrative,形容詞,物語、話；（小説の）叙述部分、地の文,Sec11,,,
fingerprint,名詞,指紋,Sec11,,,
file,形容詞,ファイル；（書類の）とじ込み,Sec11,,,
wilderness,名詞,荒野；（庭・町などの）放置された部分,Sec11,,,
pesticide,名詞,殺虫剤；除草剤（≒herbicide）,Sec11,,,
panic,形容詞,パニック（状態）；狼狽,Sec11,,,
fabric,形容詞,織物、布（地）；構造,Sec11,,,
fantasy,名詞,空想；幻想；幻想的作品,Sec11,,,
fancy,名詞,（気まぐれな）好み；空想；思いつき,Sec11,,,
virtue,名詞,美徳（⇔vice 悪）；長所；効能,Sec11,,,
grateful,形容詞,感謝している,Sec11,,,
valid,形容詞,妥当な；有効な,Sec11,,,
elaborate,形容詞,入念な；凝った,Sec11,,,
moderate,形容詞,適度な；穏健な,Sec11,,,
dynamic,形容詞,活動的な、精力的な；動的な（⇔static 静的な）,Sec11,,,
brave,形容詞,勇敢な（⇔cowardly 臆病な）；見事な,Sec11,,,
brilliant,形容詞,すばらしい；才能にあふれた；きらめく,Sec11,,,
tremendous,形容詞,途方もない、莫大な；すばらしい,Sec11,,,
oral,形容詞,口頭の,Sec11,,,
innocent,形容詞,無罪の（⇔guilty 有罪の）；無邪気な；無知の,Sec11,,,
subsequent,形容詞,その後の,Sec11,,,
shallow,形容詞,浅い（⇔deep 深い）；浅薄な,Sec11,,,
indifferent,形容詞,無関心な（≒uninterested）,Sec11,,,
inferior,名詞,より劣った（⇔superior よりすぐれた）,Sec11,,,
awkward,形容詞/副詞,気まずい；ぎこちない；厄介な,Sec11,,,
obese,名詞,肥満した,Sec11,,,
pregnant,形容詞,妊娠した；（～で）満ちている（with）,Sec11,,,
intimate,形容詞,親密な；密接な,Sec11,,,
medieval,形容詞,中世の；時代遅れの,Sec11,,,
sacred,形容詞,神聖な（≒holy）；宗教的な；厳粛な,Sec11,,,
simultaneously,副詞,（～と）同時に（with）；一斉に,Sec11,,,
versus,前置詞,〔A ～ Bで〕A対B；AかBか,Sec11,,,
proceed,名詞,進む，進行する；（～を）続行する（with）,Sec12,,,
orient,形容詞,（人）を（環境などに）慣らす（to）；〔受身形で〕（関心などが）（～に）向いている（to / toward）,Sec12,,,
surf,名詞,（インターネット上の情報など）を見て回る；サーフィンをする,Sec12,,,
filter,動詞,をろ過する；を取り除く,Sec12,,,
bind,動詞,を縛る；を束縛する；を結び付ける,Sec12,,,
resort,動詞,（好ましくない手段に）訴える，頼る（to）,Sec12,,,
reinforce,動詞,を強化する；を補強する,Sec12,,,
accumulate,動詞,を蓄積する，集める；積もる,Sec12,,,
bet,動詞,と確信する，断言する；（金などを）かける,Sec12,,,
advocate,動詞,を主張する；を擁護する,Sec12,,,
constitute,動詞,を構成する；になる，に等しい,Sec12,,,
undertake,動詞,を引き受ける；を保証する；に着手する,Sec12,,,
grip,動詞,を握る；をとらえる,Sec12,,,
dismiss,動詞,（意見など）を退ける；を解雇する,Sec12,,,
fade,名詞,薄れる；衰える,Sec12,,,
conceal,動詞,を隠す（≒ hide）；を秘密にする（⇔uncover ⇒ 1236）,Sec12,,,
chew,動詞,（を）かむ；をかみ砕く,Sec12,,,
swallow,動詞,（を）飲み込む；をうのみにする；に耐える,Sec12,,,
seal,動詞,を密閉する；に封をする,Sec12,,,
migrate,形容詞,移住する；（鳥などが）渡る,Sec12,,,
exaggerate,動詞,（を）誇張する；を強調する,Sec12,,,
accuse,動詞,を非難する；を告訴する,Sec12,,,
vanish,名詞,消える（≒ disappear）,Sec12,,,
polish,動詞,を磨く；を洗練させる,Sec12,,,
wipe,動詞,を拭く；を拭き取る；を消し去る,Sec12,,,
sweep,動詞,（を）掃く；を一掃する；さっと通過する,Sec12,,,
mislead,動詞,を誤解させる，欺く；（人）を間違った方向に導く,Sec12,,,
spoil,動詞,を台無しにする；を甘やかす；だめになる,Sec12,,,
compound,動詞,を悪化させる；を合成する；を混合する,Sec12,,,
explode,動詞,爆発する；急増する；を論破する,Sec12,,,
disgust,動詞,をむかつかせる；に愛想を尽かせる,Sec12,,,
commute,名詞,通勤［通学］する,Sec12,,,
decorate,動詞,を装飾する,Sec12,,,
postpone,動詞,を延期する（≒ put off）,Sec12,,,
cease,動詞,をやめる；終わる,Sec12,,,
compromise,動詞,妥協する；を危うくする,Sec12,,,
elect,動詞,を選出する,Sec12,,,
extract,動詞,を取り［搾り］出す；を抜粋する,Sec12,,,
inherit,動詞,を受け継ぐ；を相続する,Sec12,,,
rear,名詞,（人・動物・植物）を育てる（≒ raise）,Sec12,,,
empathy,名詞,感情移入，共感,Sec12,,,
cue,名詞,合図；手がかり；（次の演技の）キュー,Sec12,,,
enterprise,動詞,企業，事業；企画；進取の気性,Sec12,,,
output,名詞,生産（高）；出力；排出（量）,Sec12,,,
congress,名詞,（米国などの）議会；会議,Sec12,,,
millennium,名詞,千年間，千年紀,Sec12,,,
mankind,名詞,人類,Sec12,,,
Muslim,名詞,イスラム教徒,Sec12,,,
estate,形容詞,（動産・不動産などの）財産；私有地,Sec12,,,
landmine,名詞,地雷,Sec12,,,
caution,名詞,用心；警告,Sec12,,,
controversy,名詞,論争,Sec12,,,
consensus,名詞,総意；（意見の）一致,Sec12,,,
retail,名詞,小売り（⇔ wholesale 卸売り）,Sec12,,,
fiber,名詞,繊維（質）；本質；精神力,Sec12,,,
scent,形容詞,（よい）香り；香水,Sec12,,,
beverage,名詞,（水以外の）飲み物，飲料,Sec12,,,
supplement,形容詞,栄養補助剤，サプリメント；補足,Sec12,,,
diabetes,名詞,糖尿病,Sec12,,,
province,名詞,州，省；〔the ～s〕地方；分野,Sec12,,,
reef,名詞,（岩や砂の）礁；暗礁,Sec12,,,
microbe,名詞,微生物；細菌,Sec12,,,
excess,名詞,過剰，超過,Sec12,,,
gallery,名詞,美術館，画廊；観客，ギャラリー；回廊,Sec12,,,
fame,名詞,名声,Sec12,,,
deadline,名詞,締め切り,Sec12,,,
undergraduate,形容詞,学部学生,Sec12,,,
slavery,名詞,奴隷制度；苦役,Sec12,,,
prey,名詞,獲物；犠牲者,Sec12,,,
mess,名詞,散らかった状態［物］；混乱状態,Sec12,,,
recession,名詞,不況；後退,Sec12,,,
retreat,名詞,後退，退却；（計画・決定などの）撤回,Sec12,,,
grave,名詞,墓；〔通例the ～〕死,Sec12,,,
column,名詞,コラム；（新聞などの）欄；円柱；（縦）列,Sec12,,,
scenery,名詞,〔集合的に〕景色；背景,Sec12,,,
plot,名詞,（小説などの）筋；陰謀,Sec12,,,
sculpture,名詞,彫刻（作品）,Sec12,,,
tablet,名詞,タブレット（型情報端末）；錠剤；平板,Sec12,,,
dense,名詞,密集した，密度の高い；（霧などが）濃い,Sec12,,,
exotic,形容詞,外来の；異国風の,Sec12,,,
acid,形容詞,酸性の；酸っぱい；辛辣な,Sec12,,,
bitter,形容詞,苦い，つらい；辛辣な；怒りっぽい,Sec12,,,
sensible,形容詞,賢明な；実用的な；顕著な,Sec12,,,
noble,形容詞,高貴な；堂々とした；高潔な,Sec12,,,
vague,形容詞,漠然とした，あいまいな；おぼろげな,Sec12,,,
parallel,名詞,（～と）平行［並行］の（to）；類似した,Sec12,,,
tense,名詞,張り詰めた，緊張した,Sec12,,,
vertical,形容詞,垂直の（⇔ horizontal 水平な）；縦方向の,Sec12,,,
indigenous,形容詞,原産の，先住の；（その土地に）固有の,Sec12,,,
aboriginal,形容詞,〔通例A～〕アボリジニの；原生の，先住の,Sec12,,,
seasonal,形容詞,季節の，季節的な,Sec12,,,
abundant,形容詞,豊富な；（～に）富む（in）,Sec12,,,
hybrid,形容詞,ハイブリッドの；雑種の；混成の,Sec12,,,
irrelevant,形容詞,（～にとって）無関係の（to）；見当違いの,Sec12,,,
ridiculous,形容詞,ばかげた；法外な,Sec12,,,
fairy,名詞,妖精の（ような）,Sec12,,,
sensory,形容詞,感覚の,Sec12,,,
chronic,形容詞,慢性の（⇔ acute ⇒ 1486）；長引く；常習の,Sec12,,,
voluntary,形容詞,自発的な（⇔ compulsory ⇒ 1384）；無償の,Sec12,,,
inclined,動詞/形容詞,傾向がある；傾いた,Sec12,,,
infer,動詞,を推論する，推測する,Sec13,,,
esteem,動詞,を尊敬する；を見なす,Sec13,,,
tackle,動詞,に取り組む；と（～のことで）話をつける（about / on）,Sec13,,,
venture,動詞,危険を冒して進む；を思い切ってする,Sec13,,,
accelerate,動詞,を加速させる，促進する；加速する,Sec13,,,
accustom,名詞,（人）を慣れさせる,Sec13,,,
amuse,動詞,をおもしろがらせる，楽しませる,Sec13,,,
flourish,動詞,繁栄する；繁茂する；を振りかざす,Sec13,,,
thrive,形容詞,繁栄する，うまくいく；繁茂する,Sec13,,,
nurture,動詞,をはぐくむ；を養成する,Sec13,,,
click,動詞,（を）クリックする；をカチッと鳴らす；カチッと音がする,Sec13,,,
spin,動詞,回転する；を回転させる；（糸）を紡ぐ,Sec13,,,
clip,動詞,を切り抜く；を（はさみで）切り取る；をクリップで留める,Sec13,,,
drag,動詞,を引きずる；ぐずぐずする,Sec13,,,
cast,動詞,を投じる；に役を当てる,Sec13,,,
scatter,動詞,をまき散らす；分散する,Sec13,,,
tempt,動詞,を（...する）気にさせる（to do）；を引きつける,Sec13,,,
withdraw,動詞,を引き出す；を撤回する；撤退する,Sec13,,,
yawn,名詞,あくびをする,Sec13,,,
blink,名詞,まばたきする；点滅する；（目）をまたたく,Sec13,,,
dye,動詞,を染める；染まる,Sec13,,,
spill,動詞,をこぼす；こぼれる,Sec13,,,
irritate,動詞,をいらいらさせる；をひりひりさせる,Sec13,,,
insult,動詞,を侮辱する（≒ affront）,Sec13,,,
enforce,動詞,を施行［実施］する；を（～に）強制する（on / upon）,Sec13,,,
rob,動詞,から（金品を）奪う,Sec13,,,
drain,名詞,（液体）を流出させる；（液体が）流れ出る,Sec13,,,
suspend,動詞,を停職［停学，出場停止］にする；を一時的に中断する,Sec13,,,
drift,動詞,漂う；さまよう；を押し流す,Sec13,,,
forgive,動詞,を許す；を免除する,Sec13,,,
revise,動詞,を修正する；を改訂する,Sec13,,,
recruit,動詞,を募る；に新人を補充する,Sec13,,,
twist,動詞,をねじる，ひねる；を歪曲する,Sec13,,,
crush,動詞,を押しつぶす；を弾圧する；を絞り出す,Sec13,,,
pin,動詞,をピンで留める；を突き刺す,Sec13,,,
uncover,動詞,を暴く（⇔ conceal ⇒ 1116）；を 発掘する,Sec13,,,
exploit,動詞,を活用する；を搾取する，につけ込む,Sec13,,,
implement,動詞,を実行［実施］する,Sec13,,,
integrate,動詞,を統合する；融合する,Sec13,,,
incorporate,動詞,を取り入れる；を法人にする；合併する,Sec13,,,
profile,形容詞,人物の紹介；横顔；輪郭,Sec13,,,
appetite,名詞,食欲；欲求,Sec13,,,
impulse,名詞,衝動；刺激,Sec13,,,
script,名詞,台本；筆跡,Sec13,,,
anniversary,形容詞,（～周年）記念日,Sec13,,,
pension,名詞,年金,Sec13,,,
temper,名詞,気質，気性；機嫌；かんしゃく,Sec13,,,
cortex,名詞,皮質；樹皮,Sec13,,,
syndrome,名詞,症候群；～現象,Sec13,,,
chamber,名詞,（特定の目的の）部屋；議場；〔the ～〕議院,Sec13,,,
utility,名詞,公共事業；公共料金；実用性,Sec13,,,
cattle,名詞,〔集合的に〕牛,Sec13,,,
herd,名詞,（牛などの）群れ；群衆,Sec13,,,
fluid,名詞,流動体，液体,Sec13,,,
pity,名詞,残念なこと；哀れみ,Sec13,,,
priest,名詞,聖職者,Sec13,,,
acquaintance,名詞,知人；面識；知識,Sec13,,,
offspring,名詞,子孫，子；成果,Sec13,,,
famine,名詞,飢饉；（食糧・物資の）ひどい不足,Sec13,,,
deforestation,名詞,森林伐採,Sec13,,,
jail,名詞,刑務所，拘置所（≒ prison）,Sec13,,,
commodity,形容詞,商品；有用なもの,Sec13,,,
format,名詞,書式，形式；（本などの）型,Sec13,,,
recipient,形容詞,受け取る人；（臓器などの）被提供者,Sec13,,,
drill,名詞,訓練；（反復）練習；ドリル，錐,Sec13,,,
inability,名詞,無能，無力,Sec13,,,
republic,形容詞,共和国；共和制,Sec13,,,
combat,名詞,戦闘；対立,Sec13,,,
debris,名詞,（破壊された後の）残骸，瓦礫；がらくた,Sec13,,,
bug,名詞,病原菌（が起こす病気）；虫；盗聴器；（機械・プログラムの）欠陥,Sec13,,,
fraction,名詞,わずか（≒ bit），一部；分数,Sec13,,,
index,名詞,指標；索引；指数,Sec13,,,
intuition,名詞,直観（力），直感,Sec13,,,
motive,形容詞,動機,Sec13,,,
consent,形容詞,同意，承諾,Sec13,,,
hierarchy,名詞,（社会の）階層制；〔the ～〕支配層,Sec13,,,
monument,形容詞,記念碑，遺跡；金字塔,Sec13,,,
asset,形容詞,〔通例～s〕資産；価値のあるもの；利点,Sec13,,,
decent,形容詞,まずまずの；きちんとした；上品な,Sec13,,,
competent,形容詞,有能な；適任の；満足できる,Sec13,,,
straightforward,形容詞/副詞,単純な；率直な,Sec13,,,
cosmetic,形容詞,化粧の，美容の；うわべの,Sec13,,,
delicate,形容詞,繊細な；扱いにくい；もろい,Sec13,,,
interior,形容詞,室内の；内部の（⇔ exterior 外部の）,Sec13,,,
transparent,形容詞,透明な；明快な,Sec13,,,
aesthetic,形容詞,美的な；美学の,Sec13,,,
deliberate,形容詞,故意の；慎重な,Sec13,,,
demographic,形容詞,人口統計学の,Sec13,,,
prehistoric,形容詞,有史以前の；旧式な,Sec13,,,
innate,形容詞,生まれながらの；固有の,Sec13,,,
mild,形容詞,穏やかな；（程度が）軽い,Sec13,,,
toxic,形容詞,有毒な；中毒性の,Sec13,,,
ashamed,名詞,恥じて,Sec13,,,
humble,形容詞,謙虚な；質素な；身分が低い,Sec13,,,
peculiar,形容詞,特有の；特異な,Sec13,,,
steep,形容詞,（傾斜が）急な；急激な；法外な,Sec13,,,
trivial,形容詞,ささいな，取るに足りない,Sec13,,,
magnificent,形容詞,壮大な；見事な,Sec13,,,
wireless,形容詞,無線（電信）の，ラジオの,Sec13,,,
ongoing,形容詞,継続している，進行中の,Sec13,,,
assure,動詞,に自信を持って言う；を保証する,Sec14,,,
precede,動詞,に先行する；に優先する,Sec14,,,
revive,動詞,を復活させる；復活する,Sec14,,,
compel,動詞,に強いる,Sec14,,,
blossom,名詞,花が咲く（≒ bloom）；発展する,Sec14,,,
terrify,動詞,を怖がらせる；を脅かす,Sec14,,,
violate,動詞,（法律・規則など）に違反する；を侵害する,Sec14,,,
suppress,動詞,を抑える；を抑圧する,Sec14,,,
deceive,動詞,をだます（≒ take in）,Sec14,,,
manipulate,動詞,を（巧みに）操る；を改ざんする,Sec14,,,
starve,動詞,飢える；（～を）渇望する（for）；を飢えさせる,Sec14,,,
flee,名詞,（から）逃げる,Sec14,,,
whisper,名詞,（を）ささやく,Sec14,,,
yell,名詞,叫ぶ，どなる,Sec14,,,
deposit,動詞,を置く；を預ける；を堆積させる,Sec14,,,
confine,動詞,を限定する；〔通例受身形で〕閉じ込められる,Sec14,,,
swing,動詞,を揺らす，振る；揺れる；（行動に）さっと移る,Sec14,,,
prolong,動詞,を長引かせる,Sec14,,,
depict,動詞,を描く,Sec14,,,
outline,名詞,の要点を述べる；の輪郭を描く,Sec14,,,
shed,動詞,を捨て去る；（光など）を放つ；（涙・血）を流す,Sec14,,,
emit,名詞,（光・熱など）を出す，排出する；（信号）を送る,Sec14,,,
renew,動詞,を更新する；（資源）を再生する,Sec14,,,
utilize,動詞,を利用する（≒ make use of）,Sec14,,,
assert,動詞,を主張する,Sec14,,,
strain,動詞,に負担をかける；を緊張させる；を漉す,Sec14,,,
strive,形容詞,努力する；争う,Sec14,,,
dare,名詞,あえて［思い切って］...する,Sec14,,,
boast,動詞,を誇る；（を）自慢する,Sec14,,,
startle,動詞,をびっくりさせる（≒ surprise）,Sec14,,,
offend,名詞,の気分を害する；（に）違反する,Sec14,,,
compute,名詞,（を）計算する；コンピューターを使う,Sec14,,,
assemble,動詞,を集める；を組み立てる；集まる,Sec14,,,
worsen,動詞,を悪化させる；悪化する（≒ deteriorate）,Sec14,,,
flip,動詞,を（ぱっと）裏返す；を軽くはじく,Sec14,,,
rub,名詞,（を）こする；（～に）を塗る（on / over）,Sec14,,,
descend,名詞,（を）降りる（⇔ ascend ⇒ 1839）；受け継がれる,Sec14,,,
compensate,動詞,補償する（≒ make up）；に償う,Sec14,,,
comprise,動詞,から成る；を構成する,Sec14,,,
prevail,形容詞,普及している；支配的である；（～に）打ち勝つ（over）,Sec14,,,
quest,名詞,探究,Sec14,,,
dignity,名詞,尊厳；威厳,Sec14,,,
criterion,名詞,（判断・評価の）基準,Sec14,,,
paradox,名詞,逆説；矛盾,Sec14,,,
parliament,形容詞,（英国などの）議会；国会議員（団）,Sec14,,,
legislation,名詞,法律；立法,Sec14,,,
agenda,名詞,協議事項（リスト）；議事日程（表）；（政治上の）課題,Sec14,,,
mainstream,名詞,（活動・思潮などの）主流；大勢,Sec14,,,
troop,名詞,〔～s〕軍隊；集団,Sec14,,,
epidemic,形容詞,流行（病）；蔓延,Sec14,,,
outbreak,名詞,発生，勃発,Sec14,,,
chaos,名詞,混沌，大混乱,Sec14,,,
nightmare,名詞,悪夢（のような状況）；不安感,Sec14,,,
horror,名詞,恐怖；強い嫌悪；嫌な物［人］,Sec14,,,
cluster,名詞,集団；（植物の）房，束,Sec14,,,
pollen,動詞,花粉,Sec14,,,
hive,形容詞,ミツバチの巣（箱）；人の集まる所,Sec14,,,
irrigation,名詞,灌漑,Sec14,,,
dose,名詞,（薬の1回分の）服用量；放射線の1回の照射量,Sec14,,,
suicide,名詞,自殺；自殺的行為,Sec14,,,
feast,名詞,祝宴；大ごちそう；楽しみ,Sec14,,,
cuisine,名詞,（独特の）料理，料理法,Sec14,,,
rumor,名詞,うわさ,Sec14,,,
proverb,名詞,ことわざ（≒ saying）,Sec14,,,
signature,名詞,署名；特徴,Sec14,,,
formula,名詞,方法，解決策；公式,Sec14,,,
tuition,名詞,【主に米】 授業料（＝ 【英】tuition fees）；（個人）指導,Sec14,,,
intake,名詞,摂取量；受け入れ数；取り入れること,Sec14,,,
spectrum,名詞,スペクトル；（波動・変動の）範囲,Sec14,,,
kidney,名詞,腎臓,Sec14,,,
gear,名詞,用具（一式），器具；歯車；ギア,Sec14,,,
aisle,名詞,（座席間などの）通路,Sec14,,,
grief,名詞,深い悲しみ,Sec14,,,
destiny,名詞,運命,Sec14,,,
skull,名詞,頭骨，頭蓋骨；頭脳,Sec14,,,
tomb,名詞,墓,Sec14,,,
monk,名詞,修道士，僧（⇔ nun 修道女，尼）,Sec14,,,
worship,名詞,崇拝，礼拝（式）；賛美,Sec14,,,
outstanding,形容詞,際立った；未払いの；未解決の,Sec14,,,
unprecedented,形容詞,前例のない；空前の,Sec14,,,
infinite,形容詞,無限の（⇔ finite 有限の）；無数の,Sec14,,,
worthwhile,形容詞,価値がある；立派な,Sec14,,,
indispensable,形容詞,不可欠な（⇔ dispensable なくてもすむ）,Sec14,,,
compulsory,形容詞,義務的な，強制的な（⇔ voluntary ⇒ 1199）,Sec14,,,
probable,形容詞,十分にありそうな,Sec14,,,
ambiguous,形容詞,あいまいな；多義的な,Sec14,,,
obscure,形容詞,（世に）知られていない；不明瞭な,Sec14,,,
skeptical,形容詞,（～に）懐疑的な（of ⇒ about）,Sec14,,,
fragile,形容詞,壊れやすい；虚弱な,Sec14,,,
static,形容詞,静的な（⇔ dynamic ⇒ 1083）；動きのない,Sec14,,,
gradual,形容詞,徐々の，緩やかな,Sec14,,,
vocal,形容詞,声の，発声の；はっきりものを言う,Sec14,,,
vivid,形容詞,鮮やかな；生き生きとした,Sec14,,,
imperial,形容詞,帝国の；皇帝の,Sec14,,,
hostile,形容詞,敵意のある（⇔friendly 友好的な）,Sec14,,,
superficial,形容詞,表面的な,Sec14,,,
scarce,名詞,乏しい；珍しい,Sec14,,,
gross,形容詞,総計の；甚だしい；粗野な,Sec14,,,
inherent,形容詞,生来の，本来的に備わっている,Sec14,,,
notable,形容詞,注目に値する；著名な,Sec14,,,
update,動詞,を最新のものにする；をアップデートする,Sec15,,,
refresh,動詞,（気分）をさわやかにする；（記憶など）を新たにする；を最新のものにする,Sec15,,,
bloom,名詞,花が咲く；栄える,Sec15,,,
conquer,動詞,を征服する；を克服する,Sec15,,,
induce,動詞,を引き起こす；を説得する,Sec15,,,
attain,動詞,を獲得する，達成する；に達する,Sec15,,,
spray,動詞,を吹きかける，に吹きつける,Sec15,,,
retrieve,動詞,（情報）を検索する；を取り戻す；を回復する,Sec15,,,
portray,動詞,を描く；（の役）を演じる,Sec15,,,
scratch,動詞,を引っかく；を取り消す，削除する,Sec15,,,
designate,動詞,を指定する；を任命する,Sec15,,,
contradict,動詞,と矛盾する；に反対意見を言う,Sec15,,,
sigh,名詞,ため息をつく,Sec15,,,
disrupt,動詞,を混乱させる；を分裂させる,Sec15,,,
depart,名詞,出発する；（～から）それる（from）,Sec15,,,
navigate,形容詞,（を）誘導する；（を）操縦する；（を）航行する,Sec15,,,
beg,動詞,に（～を）切に頼む（for）；（を）懇願する,Sec15,,,
inhabit,動詞,に住んでいる；に宿る，存する,Sec15,,,
diagnose,名詞,（を）診断する,Sec15,,,
comprehend,動詞,を理解する,Sec15,,,
oblige,動詞,に義務づける；に恩恵を施す,Sec15,,,
cram,動詞,に詰め込む；詰め込み勉強をする,Sec15,,,
flock,名詞,群がる，集まる,Sec15,,,
underestimate,動詞,（を）過小評価する（⇔ overestimate （を）過大評価する）；（を）軽く見る；を少なく見積もる,Sec15,,,
clarify,動詞,を明確にする,Sec15,,,
spark,動詞,を引き起こす；を刺激する；スパークする,Sec15,,,
seize,動詞,をつかむ；を奪い取る；を没収する,Sec15,,,
soar,名詞,急上昇する；空高く飛ぶ,Sec15,,,
glow,名詞,光り［照り］輝く；赤く燃える；紅潮する,Sec15,,,
disguise,動詞,を（～に）変装させる（as）；を偽る,Sec15,,,
distort,動詞,を歪める；歪む,Sec15,,,
undermine,動詞,を徐々にむしばむ；を侵食する,Sec15,,,
abolish,動詞,を廃止する（≒ do away with）,Sec15,,,
strip,動詞,を［から］取り去る；を裸にする,Sec15,,,
dispose,動詞,〔dispose ofで〕を処分する；を（...する）気にさせる（to do）；を配置する,Sec15,,,
dump,動詞,を投棄する；をどさっと落とす,Sec15,,,
weave,動詞,を織る；（計画・物語など）を作り上げる,Sec15,,,
refine,動詞,を洗練する；を精製する,Sec15,,,
enrich,動詞,を豊かにする；（物質）を濃縮化する,Sec15,,,
coordinate,動詞,を調整する；を組織する；（服など）をコーディネートする,Sec15,,,
headline,名詞,（新聞などの）見出し,Sec15,,,
internship,名詞,【米】 実務［医学］研修；研修期間,Sec15,,,
outlet,名詞,直売店，特売店；はけ口；【米】（電気の）コンセント（≒ 【英】socket）,Sec15,,,
remedy,名詞,治療（法）；治療薬；解決法,Sec15,,,
pill,名詞,錠剤，丸薬；〔the ～〕ピル，経口避妊薬,Sec15,,,
reception,名詞,反応；宴会；受付；受信（状態）,Sec15,,,
transaction,名詞,（商）取引；（人と人との）交流,Sec15,,,
mutation,名詞,突然変異（体）；変化,Sec15,,,
dairy,名詞,〔集合的に〕乳製品；乳製品加工所［販売者］,Sec15,,,
compassion,名詞,同情,Sec15,,,
posture,名詞,姿勢；心構え,Sec15,,,
curse,名詞,悪態，ののしりの言葉；呪い；〔通例a ～〕災い,Sec15,,,
funeral,形容詞,葬式,Sec15,,,
census,名詞,国勢調査；交通調査,Sec15,,,
encyclopedia,名詞,百科事典,Sec15,,,
cereal,形容詞,〔通例～s〕穀物；シリアル（穀物加工食品）,Sec15,,,
fragment,形容詞,断片,Sec15,,,
patch,名詞,（～の）部分，斑点；継ぎ；貼り薬,Sec15,,,
rubbish,形容詞,【英】 ごみ（≒ 【米】garbage）；つまらないもの,Sec15,,,
maze,形容詞,迷路（≒ labyrinth）；複雑に込み入ったもの,Sec15,,,
outlook,名詞,見解；見通し；眺め,Sec15,,,
breakthrough,名詞,大発見，飛躍的進歩,Sec15,,,
triumph,名詞,勝利；勝利の喜び；偉業,Sec15,,,
ally,副詞,同盟国；提携者；援助者；盟友,Sec15,,,
spectator,名詞,（試合などの）観客,Sec15,,,
sphere,名詞,領域；球体；天体,Sec15,,,
county,名詞,【米】 郡；【英】州,Sec15,,,
behalf,名詞,利益，味方,Sec15,,,
interval,形容詞,（時間の）間隔；合間；隔たり；小休止,Sec15,,,
circulation,名詞,循環；流通；（新聞・雑誌の）発行部数,Sec15,,,
blade,名詞,刃；（プロペラなどの）羽根；（草などの）葉,Sec15,,,
theft,名詞,窃盗（罪）,Sec15,,,
vacuum,名詞,真空；空虚,Sec15,,,
collision,名詞,衝突；対立,Sec15,,,
bargain,名詞,買い得品；取引；契約,Sec15,,,
landmark,名詞,（ある場所の）目印；画期的な出来事,Sec15,,,
revenue,名詞,歳入（⇔ expenditure 歳出）；収益,Sec15,,,
treaty,名詞,（国家間の）条約；協定,Sec15,,,
supreme,形容詞,最高の,Sec15,,,
thorough,形容詞,徹底的な；まったくの,Sec15,,,
naked,形容詞,裸の,Sec15,,,
sincere,形容詞,心からの；誠実な,Sec15,,,
tame,形容詞,飼いならされた，人に慣れた；退屈な,Sec15,,,
insufficient,形容詞,不十分な；不適当な,Sec15,,,
dim,名詞,薄暗い；ぼんやりした,Sec15,,,
acute,名詞,（痛み・感情などが）激しい；（知覚などが）鋭い；急性の（⇔ chronic ⇒ 1198）,Sec15,,,
disabled,形容詞,障害のある；障害者用の,Sec15,,,
metropolitan,形容詞,大都市の，首都圏の,Sec15,,,
monetary,形容詞,金銭的な；金融の,Sec15,,,
alternate,形容詞,代わりの（≒ alternative）；交互の,Sec15,,,
partial,形容詞,部分的な；不公平な（⇔impartial 公平な）,Sec15,,,
divine,形容詞,神の；神にささげる,Sec15,,,
drastic,形容詞,徹底的な，抜本的な；極端な,Sec15,,,
fierce,形容詞,猛烈な；どう猛な,Sec15,,,
sole,形容詞,唯一の；単独の；独占的な,Sec15,,,
spontaneous,形容詞,自然発生的な；自発的な,Sec15,,,
spatial,形容詞,空間の,Sec15,,,
neat,形容詞,きちんとした；見事な,Sec15,,,
tidy,形容詞,きちんとした，整頓された；相当の,Sec15,,,
loyal,形容詞,（～に）忠実な（to）；誠実な,Sec15,,,
bless,動詞,に恩恵を与える；に感謝する,Sec16,,,
regain,動詞,を取り戻す,Sec16,,,
conform,動詞,順応する；一致する,Sec16,,,
enroll,動詞,登録する，入会する；を登録させる,Sec16,,,
entitle,動詞,に権利を与える；に題名をつける,Sec16,,,
halt,動詞,を止める；止まる,Sec16,,,
provoke,動詞,（感情・行動など）を引き起こす；を挑発する,Sec16,,,
invade,動詞,を侵略する；を侵害する；（場所）に殺到する,Sec16,,,
squeeze,動詞,押し入る；を押し込む；（を）搾る；（を）強く押す,Sec16,,,
crawl,名詞,はう；ゆっくり進む,Sec16,,,
digest,動詞,を消化する；を理解する；を要約する,Sec16,,,
utter,名詞,（声）を発する；（考えなど）を述べる,Sec16,,,
refrain,名詞,控える,Sec16,,,
populate,動詞/形容詞,に住む，の住民である；に人を住まわせる,Sec16,,,
accommodate,動詞,を収容する；を（～に）適応させる（to）,Sec16,,,
steer,動詞,（を）操縦する；を（～へ）向ける（to）,Sec16,,,
drown,動詞,溺死する；を水浸しにする,Sec16,,,
dip,動詞,を浸す；（手など）を（～に）突っ込む（into / in）；下がる,Sec16,,,
soak,動詞,を浸す；をずぶぬれにする；浸る,Sec16,,,
stir,動詞,をかき回す；を揺り動かす,Sec16,,,
transplant,動詞,を移植する；を移住させる,Sec16,,,
reassure,動詞,を安心させる,Sec16,,,
resume,動詞,（を）再開する；を取り戻す,Sec16,,,
speculate,形容詞,（と）推測する；投機する,Sec16,,,
surpass,動詞,を上回る,Sec16,,,
appoint,動詞,を任命する；（日時・場所など）を指定する,Sec16,,,
intrigue,動詞,に興味を持たせる；陰謀を企てる,Sec16,,,
decay,名詞,腐敗する（≒ rot）；（徐々に）衰える,Sec16,,,
contaminate,動詞,を汚染する；を堕落させる,Sec16,,,
swell,動詞,膨張する，腫れる；を膨らませる,Sec16,,,
delete,動詞,を削除する，消す,Sec16,,,
tolerate,動詞,を許容する，我慢する（≒ put up with）,Sec16,,,
envy,動詞,をうらやむ,Sec16,,,
pray,名詞,（を）祈る,Sec16,,,
confess,名詞,（を）告白する,Sec16,,,
resign,動詞,（を）辞任する；を放棄する,Sec16,,,
dissolve,名詞,（を）溶かす；（議会など）を解散する；（契約など）を解消する；溶ける,Sec16,,,
unfold,動詞,（閉じたもの）を開く；を明らかにする；開く；明らかになる,Sec16,,,
awaken,動詞,を目覚めさせる；（～から）覚める（from）,Sec16,,,
conceive,動詞,（を）思いつく；と想像する；（を）妊娠する,Sec16,,,
entrepreneur,名詞,起業家，事業家,Sec16,,,
stake,名詞,利害関係；〔通例～s〕賭け金；杭,Sec16,,,
surplus,名詞,余剰（⇔ shortage 不足），過剰；黒字,Sec16,,,
inflation,名詞,インフレ（ーション）；（物価の）高騰,Sec16,,,
sweatshop,名詞,搾取工場,Sec16,,,
clash,名詞,衝突；対立；かち合うこと；ガチャンという音,Sec16,,,
sociology,名詞,社会学,Sec16,,,
ideology,名詞,イデオロギー，思想傾向,Sec16,,,
margin,名詞,余白；差；利ざや,Sec16,,,
realm,名詞,領域；領土,Sec16,,,
domain,名詞,分野；領域；ドメイン（＝ domain name）,Sec16,,,
algorithm,名詞,アルゴリズム；問題解決の手順,Sec16,,,
prairie,名詞,大草原,Sec16,,,
frontier,名詞,〔通例the ～s〕最先端；〔the ～〕 【米】辺境地；国境,Sec16,,,
bullet,名詞,銃弾,Sec16,,,
shield,名詞,盾，防御物,Sec16,,,
despair,名詞,絶望,Sec16,,,
radiation,名詞,放射能，放射線,Sec16,,,
placebo,名詞,偽薬，プラシーボ；気休め,Sec16,,,
nursery,名詞,託児所；苗床,Sec16,,,
spouse,名詞,配偶者,Sec16,,,
makeup,名詞,化粧；化粧品；構成；性質,Sec16,,,
mummy,名詞,ミイラ；【英】ママ，お母さん（＝ 【米】mommy）,Sec16,,,
flesh,名詞,（人・動物の）肉；果肉,Sec16,,,
limb,名詞,手足,Sec16,,,
odor,名詞,におい；気配,Sec16,,,
laundry,名詞,洗濯（物）；クリーニング店,Sec16,,,
tide,名詞,潮（の干満）；動向,Sec16,,,
questionnaire,名詞,アンケート,Sec16,,,
nonsense,名詞,ばかげた物［話，考え］；無意味な言葉,Sec16,,,
revenge,名詞,復讐,Sec16,,,
intellect,名詞,知性；〔the ～（s）〕知識人,Sec16,,,
hospitality,名詞,親切なもてなし，歓待；受容性,Sec16,,,
librarian,名詞,司書，図書館員,Sec16,,,
manuscript,名詞,（手書きの）原稿；写本,Sec16,,,
obsession,名詞,（考えなどに）取りつかれること；妄想；強迫観念,Sec16,,,
hygiene,名詞,衛生（状態）；健康法,Sec16,,,
paradigm,名詞,理論的枠組み，パラダイム；模範,Sec16,,,
legitimate,形容詞,合法的な；妥当な,Sec16,,,
authentic,形容詞,本物の；信頼できる,Sec16,,,
empirical,形容詞,経験的な；経験主義の,Sec16,,,
immense,形容詞,膨大な,Sec16,,,
absurd,形容詞,ばかげた；不合理な,Sec16,,,
weird,形容詞,異様な（≒ bizarre），奇妙な,Sec16,,,
accidental,形容詞,偶然の；過失による,Sec16,,,
uneasy,形容詞,不安な；落ち着かない；ぎこちない,Sec16,,,
jealous,形容詞,嫉妬深い；用心深い,Sec16,,,
feminine,名詞,女らしい（⇔ masculine ⇒ 1681）,Sec16,,,
swift,名詞,素早い,Sec16,,,
hollow,形容詞,空洞の；空虚な；うわべだけの,Sec16,,,
crude,形容詞,大まかな；粗野な；未精製の,Sec16,,,
sore,名詞,痛い；腹が立って,Sec16,,,
pessimistic,形容詞,悲観的な（⇔ optimistic ⇒ 882）,Sec16,,,
vain,形容詞,無駄な；うぬぼれた,Sec16,,,
susceptible,形容詞,（～の）影響を受けやすい（to）；感染しやすい,Sec16,,,
edible,形容詞,食用の，食べられる,Sec16,,,
sheer,形容詞,純然たる，真の；すごい；（布が）薄地の,Sec16,,,
explicit,形容詞,明白な（⇔ implicit ⇒ 1795）；率直な,Sec16,,,
prone,動詞,（～に）なりやすい（to）；（...する）傾向がある（to do）,Sec16,,,
affluent,形容詞,裕福な；豊富な,Sec16,,,
collaborate,形容詞,共同して働く；（～に）協力する（with）,Sec17,,,
exert,動詞,を及ぼす；（力など）を行使する,Sec17,,,
excel,動詞,（～で）秀でている（in / at）；に勝る,Sec17,,,
prosper,名詞,栄える，成功する；繁殖する,Sec17,,,
surge,名詞,殺到する；（感情が）こみ上げる；急騰する,Sec17,,,
intervene,名詞,（～に）介入する（in）；介在する,Sec17,,,
insert,動詞,を挿入する,Sec17,,,
overtake,動詞,を追い抜く；に追いつく（≒ catch up with）；（災難・強い感情などが）を襲う,Sec17,,,
snap,動詞,をパチンと鳴らす；をポキッと折る；ポキッと折れる；パチンと音を立てる,Sec17,,,
carve,動詞,を彫る；を切り開く；（肉）を切り分ける,Sec17,,,
addict,名詞,〔受身形で〕（～の）中毒になる（to）；（～に）凝る,Sec17,,,
condemn,動詞,を非難する；〔受身形で〕（～の刑を）宣告される（to）,Sec17,,,
convict,動詞,に有罪を宣告する,Sec17,,,
dictate,動詞,を指図する；を書き取らせる；を規定する,Sec17,,,
prescribe,動詞,（薬など）を処方する；を規定する,Sec17,,,
inhibit,動詞,を抑制する；を妨げる,Sec17,,,
stray,名詞,はぐれる，（道に）迷う,Sec17,,,
roam,名詞,（を）歩き回る；放浪する,Sec17,,,
enclose,動詞,を同封する；を取り囲む,Sec17,,,
execute,動詞,を実行する；を処刑する,Sec17,,,
coincide,動詞,同時に起こる；一致する,Sec17,,,
lag,名詞,遅れる；徐々に弱まる,Sec17,,,
cling,名詞,しがみつく；くっつく,Sec17,,,
erase,動詞,を消す,Sec17,,,
grind,名詞,（穀物など）をひく,Sec17,,,
knit,動詞,を編む；を結合する；編み物をする,Sec17,,,
inquire,名詞,（を）尋ねる,Sec17,,,
betray,動詞,をうっかり表す；を裏切る,Sec17,,,
leak,動詞,漏れる；を漏らす,Sec17,,,
smash,動詞,を粉砕する；を強打する；粉々に壊れる；激突する,Sec17,,,
bounce,動詞,跳ねる；反射する；を弾ませる；（Ｅメールが）（宛先不明で）返送される,Sec17,,,
sprawl,名詞,（都市などが）不規則に広がる；だらしなく手足を伸ばす,Sec17,,,
converse,名詞,（～と）会話をする（with）,Sec17,,,
recite,動詞,を暗唱する；を詳述する,Sec17,,,
disregard,動詞,を無視する；を軽視する,Sec17,,,
frown,名詞,眉をひそめる,Sec17,,,
evoke,動詞,を呼び起こす,Sec17,,,
pledge,動詞,を誓う，約束する；を与えることを約束する,Sec17,,,
aspire,名詞,（～を）熱望する（to）,Sec17,,,
contemplate,動詞,（を）熟考する；を予想する,Sec17,,,
grace,名詞,優美，優雅；分別；（神の）恩寵,Sec17,,,
enlightenment,形容詞,啓蒙，啓発,Sec17,,,
commerce,名詞,商業；貿易,Sec17,,,
draft,名詞,下書き；為替手形；隙間風,Sec17,,,
barrel,名詞,バレル（液量の単位）；たる,Sec17,,,
timber,名詞,【英】 木材（≒ 【米】lumber）；樹木,Sec17,,,
garment,形容詞,衣服,Sec17,,,
thread,名詞,糸；（議論などの）筋道,Sec17,,,
cabinet,名詞,〔しばしばthe C-〕内閣；戸棚,Sec17,,,
bureau,名詞,（官庁の）局；事務局；案内所,Sec17,,,
autonomy,名詞,（個人の）自律；自治（権）；自治体,Sec17,,,
toll,名詞,損害（の程度）；死傷者数；通行料,Sec17,,,
discourse,名詞,話し合い，会話；講演；論説,Sec17,,,
superstition,名詞,迷信,Sec17,,,
glimpse,名詞,ちらりと見えること,Sec17,,,
arithmetic,形容詞,計算；算数,Sec17,,,
glossary,形容詞,用語小辞典；用語集,Sec17,,,
archive,形容詞,〔しばしば～s〕記録文書，公文書；公文書保管所；（コンピューターの）アーカイブ,Sec17,,,
legacy,名詞,遺産,Sec17,,,
anthropology,名詞,人類学,Sec17,,,
rage,名詞,激怒；猛威,Sec17,,,
sorrow,名詞,悲しみ,Sec17,,,
psychiatrist,名詞,精神科医,Sec17,,,
ward,副詞,行政区；病棟,Sec17,,,
stall,名詞,露店；エンスト；失速,Sec17,,,
flame,名詞,炎；情熱,Sec17,,,
moisture,名詞,水分；湿気,Sec17,,,
irony,名詞,皮肉,Sec17,,,
warrior,名詞,戦士,Sec17,,,
astronomy,名詞,天文学,Sec17,,,
probe,名詞,（無人）宇宙探査機；（～の）精査（into）；探り針,Sec17,,,
altitude,名詞,高度，標高,Sec17,,,
tumor,名詞,腫瘍；腫れ物,Sec17,,,
defect,名詞,欠陥；不足,Sec17,,,
sanitation,名詞,公衆衛生（学）；下水［衛生］設備,Sec17,,,
longevity,名詞,長寿；寿命；長年勤続,Sec17,,,
scope,名詞,（活動・能力などの）範囲；余地,Sec17,,,
sentiment,形容詞,感情；感想；感傷,Sec17,,,
plausible,形容詞,もっともらしい,Sec17,,,
vigorous,形容詞,精力的な；激しい；活力のある,Sec17,,,
masculine,名詞,男らしい（⇔ feminine ⇒ 1588）,Sec17,,,
rigid,名詞,厳しい；硬直した,Sec17,,,
adverse,形容詞,不都合な；逆の,Sec17,,,
coherent,形容詞,一貫した，筋の通った；結束した,Sec17,,,
literal,形容詞,文字どおりの；逐語的な；散文的な,Sec17,,,
arbitrary,形容詞,恣意的な；独断的な,Sec17,,,
anonymous,形容詞,匿名の,Sec17,,,
antique,形容詞,骨董の，アンティークの；古風な,Sec17,,,
eternal,形容詞,永遠の；不変の,Sec17,,,
intermediate,形容詞,中級の；中間の,Sec17,,,
subordinate,形容詞,（～より）下位の（to）；副次的な,Sec17,,,
gloomy,形容詞,陰気な；薄暗い；悲観的な,Sec17,,,
thermal,形容詞,熱の，熱による；保温用の,Sec17,,,
faint,形容詞,かすかな；めまいがする；弱々しい,Sec17,,,
naive,形容詞,お人よしの，愚直な；純朴な,Sec17,,,
apt,動詞/形容詞,（...する）傾向がある（to do）；適切な；利発な,Sec17,,,
arrogant,形容詞,横柄な，傲慢な,Sec17,,,
extrovert,形容詞,外向的な；社交的な,Sec17,,,
conspicuous,形容詞,目立つ,Sec17,,,
intact,形容詞,損なわれていない，手つかずの,Sec17,,,
embody,動詞,を具現する；を包含する,Sec18,,,
illuminate,動詞,を照らす；を解明する,Sec18,,,
console,動詞,を慰める,Sec18,,,
verify,動詞,の正しさを証明［確認］する,Sec18,,,
disclose,動詞,を公表する，暴く,Sec18,,,
stack,動詞,を積む，積み重ねる；〔～ upで〕（車が）渋滞する,Sec18,,,
rotate,動詞,回転する；循環する；を回転させる,Sec18,,,
constrain,動詞,に（...することを）強いる（to do）；を抑える,Sec18,,,
hinder,動詞,を妨げる,Sec18,,,
withstand,動詞,に耐える,Sec18,,,
tweet,名詞,（を）ツイートする，つぶやく,Sec18,,,
sneeze,名詞,くしゃみをする,Sec18,,,
erupt,名詞,（火山が）噴火する；勃発する,Sec18,,,
blur,動詞,をぼかす；を曇らせる；をあいまいにする,Sec18,,,
overlap,名詞,（一部）重なる；（と）重複［共通］する,Sec18,,,
embed,名詞,〔通例受身形で〕埋め込まれる，はめ込まれる,Sec18,,,
displace,動詞,に取って代わる（≒ replace）；を移動させる,Sec18,,,
render,動詞,を（ある状態に）する；（援助など）を与える,Sec18,,,
plunge,名詞,（～に）（を）突っ込む（into）；没頭する；陥る,Sec18,,,
surrender,動詞,を放棄する，引き渡す；（～に）屈する（to）,Sec18,,,
plug,動詞,〔plug inで〕のプラグを電源に差し込む；を（～で）ふさぐ（with）,Sec18,,,
suck,名詞,（を）吸う；（を）しゃぶる,Sec18,,,
mock,動詞,をばかにする（≒ make fun of）；のまねをしてからかう,Sec18,,,
tease,動詞,（を）からかう；をいじめる,Sec18,,,
soothe,動詞,をなだめる；を和らげる,Sec18,,,
stain,動詞,を汚す；に着色する,Sec18,,,
shun,動詞,を避ける,Sec18,,,
stumble,名詞,よろけながら歩く；（～に）つまずく（on / over）,Sec18,,,
flush,動詞,を紅潮させる；を水で流す；紅潮する,Sec18,,,
impair,動詞,を損なう,Sec18,,,
presume,動詞,と思う；と推定する；を前提とする,Sec18,,,
contend,動詞,と主張する；競う,Sec18,,,
roar,名詞,うなる，ほえる；大笑いする,Sec18,,,
haunt,動詞,（記憶・考えなどが）につきまとう；（幽霊などが）に出る；によく行く,Sec18,,,
divert,動詞,（注意など）をそらす；を迂回させる；（資金など）を転用する,Sec18,,,
await,動詞,を待つ（≒ wait for）,Sec18,,,
fetch,動詞,を（行って）持って［連れて］くる,Sec18,,,
unify,動詞,を統合［統一］する；統一される,Sec18,,,
inspect,動詞,を点検する；を視察する,Sec18,,,
entail,動詞,を伴う，引き起こす；（...すること）を含む（doing）,Sec18,,,
tactics,名詞,作戦，方策；戦術，戦法,Sec18,,,
feat,名詞,偉業，功績；妙技,Sec18,,,
prestige,形容詞,名声；〔形容詞的に〕名声のある,Sec18,,,
analogy,名詞,類推；類似,Sec18,,,
conscience,名詞,良心；分別,Sec18,,,
textile,形容詞,織物；繊維（産業）,Sec18,,,
deficit,名詞,赤字，不足；欠陥,Sec18,,,
plague,名詞,疫病；（害虫などの）異常発生,Sec18,,,
hazard,名詞,危険（要素）；偶然,Sec18,,,
metabolism,名詞,（新陳）代謝，代謝作用,Sec18,,,
paralysis,名詞,麻痺；〔比喩的に〕麻痺（状態）,Sec18,,,
grid,名詞,（電気などの）供給網；格子（模様）；碁盤目,Sec18,,,
carriage,名詞,馬車；車両（＝ 【米】car）；立ち居振舞い；【英】輸送,Sec18,,,
friction,名詞,不和；摩擦,Sec18,,,
rebel,名詞,反逆者,Sec18,,,
regime,名詞,政権，政体；体制,Sec18,,,
monopoly,副詞,独占（権）,Sec18,,,
staple,名詞,必需食品；主要産物,Sec18,,,
merchandise,動詞,商品,Sec18,,,
vendor,名詞,物売り，行商人；自動販売機,Sec18,,,
supervisor,名詞,監督者；指導教員,Sec18,,,
predecessor,形容詞,前任者（⇔ successor 後継者）；前のもの,Sec18,,,
personnel,名詞,〔集合的に〕職員，社員,Sec18,,,
vessel,名詞,船舶；容器；（体液が通る）脈管,Sec18,,,
liver,名詞,肝臓,Sec18,,,
duration,名詞,（時間の）継続，持続（時間）,Sec18,,,
certificate,形容詞,証明書；免許状,Sec18,,,
geometry,名詞,幾何学,Sec18,,,
symmetry,名詞,（左右）対称（⇔ asymmetry 非対称）；調和,Sec18,,,
biography,名詞,伝記,Sec18,,,
masterpiece,名詞,傑作,Sec18,,,
rhyme,名詞,押韻詩；韻；〔通例～s〕詩歌,Sec18,,,
premium,名詞,保険料；プレミア；景品,Sec18,,,
breakdown,名詞,崩壊；（神経）衰弱；故障；内訳,Sec18,,,
courtesy,名詞,礼儀正しさ；好意；優遇,Sec18,,,
protocol,名詞,（条約）議定書；外交儀礼；プロトコル,Sec18,,,
specimen,動詞,標本；実例,Sec18,,,
thesis,名詞,論文；命題，テーゼ,Sec18,,,
eligible,形容詞,適格の，資格のある；（結婚相手として）望ましい,Sec18,,,
intrinsic,形容詞,固有の，本質的な（⇔ extrinsic 非本質的な）,Sec18,,,
diligent,形容詞,勤勉な；入念な,Sec18,,,
vocational,形容詞,職業の，職業訓練の（ための）,Sec18,,,
bankrupt,名詞,破産宣告を受けた；破綻している,Sec18,,,
stern,名詞,厳しい；いかめしい,Sec18,,,
stubborn,形容詞,頑固な，強情な（≒ obstinate）；手に負えない,Sec18,,,
maternal,形容詞,母の，母親らしい（⇔ paternal 父の）；妊婦の,Sec18,,,
fertile,形容詞,肥沃な（⇔ barren 不毛の）；多産の,Sec18,,,
ripe,名詞,熟した；成熟した,Sec18,,,
stiff,名詞,硬直した，凝った；堅い,Sec18,,,
obsolete,名詞,廃れた，使われなくなった；古くなった,Sec18,,,
vacant,形容詞,空いている,Sec18,,,
acoustic,形容詞,音響の；聴覚の；（楽器が）アコースティックの,Sec18,,,
preliminary,形容詞,予備の，準備の,Sec18,,,
approximate,形容詞,おおよその,Sec18,,,
implicit,名詞,暗黙の（⇔ explicit ⇒ 1598）；内在する,Sec18,,,
punctual,形容詞,時間を守る,Sec18,,,
compatible,形容詞,矛盾しない；互換性のある；気が合う,Sec18,,,
ample,形容詞,十分すぎるほどの；広い,Sec18,,,
pervasive,形容詞,隅々に広がった；浸透する；充満する,Sec18,,,
ubiquitous,形容詞,至る所にある,Sec18,,,
deduce,動詞,を推測する，演繹する,Sec19,,,
simulate,動詞,を模擬実験する；を装う；をまねる,Sec19,,,
merge,動詞,（を）合併する；を融合させる；溶け込む,Sec19,,,
penetrate,形容詞,（に）浸透する；（に）進出する；（を）貫く；（を）見抜く,Sec19,,,
cater,名詞,（の）料理をまかなう；（要望などに）応える,Sec19,,,
assault,動詞,に暴行する；を攻撃する,Sec19,,,
torture,動詞,を拷問にかける；を苦しめる,Sec19,,,
bleed,名詞,出血する,Sec19,,,
erect,動詞,を建てる；を直立させる,Sec19,,,
cherish,動詞,を大切にする；を心に抱く,Sec19,,,
arouse,動詞,（感情など）を引き起こす；を目覚めさせる,Sec19,,,
doom,形容詞,〔通例受身形で〕運命にある,Sec19,,,
mourn,名詞,（を）悼む（≒ grieve）；（を）嘆く,Sec19,,,
dread,動詞,をひどく恐れる,Sec19,,,
nourish,動詞,に栄養を与える；をはぐくむ,Sec19,,,
inject,動詞,（人）に注射する，を注入する；を導入する,Sec19,,,
swear,名詞,（～を）ののしる（at）；（を）誓う（≒ vow）,Sec19,,,
bid,名詞,（～に）の値をつける（for ⇒ on）；（挨拶）を述べる,Sec19,,,
corrupt,動詞,を堕落させる；を買収する；堕落する,Sec19,,,
preoccupy,名詞,の心を奪う，を夢中にさせる,Sec19,,,
browse,名詞,（を）拾い読みする；（を）閲覧する；（商品など）を見て歩く,Sec19,,,
compile,動詞,を編集する；（資料など）をまとめる,Sec19,,,
allocate,動詞,を割り当てる，分配する,Sec19,,,
offset,動詞,を相殺する，埋め合わせる；をオフセット印刷にする,Sec19,,,
restrain,動詞,を制止する；を規制する,Sec19,,,
comply,副詞,従う，応じる,Sec19,,,
expire,名詞,期限が切れる,Sec19,,,
embark,名詞,（～に）乗り出す（on）；乗船［搭乗］する,Sec19,,,
flap,動詞,パタパタ動く；羽ばたく（≒ flutter）；をパタパタ動かす,Sec19,,,
furnish,動詞,に（～を）備えつける（with）,Sec19,,,
forge,動詞,を偽造する；（関係など）を築く；を鍛造する,Sec19,,,
thrust,動詞,を押しつける；を突き刺す；押し進む,Sec19,,,
dispatch,動詞,を派遣する；を発送する；を処理する,Sec19,,,
resent,動詞,に憤慨する,Sec19,,,
reconcile,動詞,を（～と）一致させる（with）；を和解させる,Sec19,,,
allege,動詞,を主張する,Sec19,,,
oppress,動詞,を抑圧［迫害］する；を悩ませる,Sec19,,,
expel,動詞,を追放する；を吐き出す,Sec19,,,
ascend,名詞,（を）上がる（⇔ descend ⇒ 1337）,Sec19,,,
commence,動詞,始まる；を開始する；...し始める（to do / doing）⇒ commence work 仕事［作業］を始める,Sec19,,,
advent,形容詞,〔the ～〕出現，到来,Sec19,,,
reign,名詞,治世；統治,Sec19,,,
diplomacy,名詞,外交（的手腕）,Sec19,,,
embassy,名詞,大使館；大使一行,Sec19,,,
exile,形容詞,亡命（者）；（国外）追放,Sec19,,,
refuge,名詞,避難（所）；保護,Sec19,,,
plight,名詞,窮状（＝ predicament）；（悪い）状態,Sec19,,,
solitude,名詞,ひとりでいること；孤独,Sec19,,,
fallacy,名詞,誤った考え，誤信；錯誤,Sec19,,,
latitude,名詞,緯度；（行動・思想などの）許容範囲,Sec19,,,
eclipse,名詞,（日食・月食などの）食；（名声などの）失墜,Sec19,,,
basin,名詞,流域；盆地，海盆；洗面器［台］,Sec19,,,
erosion,名詞,浸食；衰退,Sec19,,,
archaeology,名詞,考古学,Sec19,,,
errand,名詞,（人の）使い，使い走り；用件,Sec19,,,
mercy,名詞,慈悲；〔通例a ～〕幸運,Sec19,,,
rhetoric,形容詞,修辞（法）；美辞麗句,Sec19,,,
verse,名詞,韻文（⇔ prose 散文）；詩,Sec19,,,
congestion,名詞,混雑,Sec19,,,
sewage,名詞,下水,Sec19,,,
complement,形容詞,（～の）補完物，補足（to）；（文法の）補語,Sec19,,,
subsidy,名詞,補助金；報奨金,Sec19,,,
mortgage,名詞,住宅ローン；抵当（権）,Sec19,,,
attorney,名詞,【米】 弁護士；代理人,Sec19,,,
outfit,名詞,衣装一式；装備［道具］一式；組織,Sec19,,,
bulk,名詞,〔the ～〕（～の）大半（of）；大きさ；大量,Sec19,,,
reunion,名詞,再会（の集い）；再結合,Sec19,,,
synthesis,名詞,合成；総合（⇔ analysis ⇒ 363）,Sec19,,,
mold,名詞,鋳型；鋳物；性格；かび,Sec19,,,
thirst,名詞,（のどの）渇き；（～に対する）渇望（for）,Sec19,,,
greed,名詞,強欲,Sec19,,,
bribe,名詞,賄賂,Sec19,,,
contempt,名詞,軽蔑；恥辱,Sec19,,,
texture,名詞,感触，手触り；本質；質感,Sec19,,,
orphan,名詞,孤児,Sec19,,,
harassment,形容詞,嫌がらせ，ハラスメント,Sec19,,,
hay,名詞,干し草,Sec19,,,
doctrine,名詞,教義；【米】（政策上の）主義,Sec19,,,
holistic,形容詞,全体論の；（医療が）ホリスティックの,Sec19,,,
liable,形容詞,しがちな；（～を）受けやすい（to）；責任がある,Sec19,,,
earnest,形容詞,まじめな，熱心な,Sec19,,,
intelligible,形容詞,（簡単に）理解できる,Sec19,,,
abrupt,名詞,突然の（≒ sudden）,Sec19,,,
reckless,形容詞,無謀な；（～を）顧みない（of）,Sec19,,,
furious,形容詞,激怒した；猛烈な,Sec19,,,
eloquent,形容詞,雄弁な；説得力のある,Sec19,,,
juvenile,形容詞,青少年の,Sec19,,,
notorious,形容詞,悪名高い（≒ infamous）,Sec19,,,
timid,形容詞,臆病な；内気な,Sec19,,,
humid,名詞,湿気のある（≒ muggy 蒸し暑い）,Sec19,,,
contagious,形容詞,感染（性）の；病気を伝染する,Sec19,,,
cynical,形容詞,冷笑的な，皮肉な,Sec19,,,
dumb,形容詞,ばかげた；口のきけない；無言の,Sec19,,,
monotonous,形容詞,単調な,Sec19,,,
perpetual,形容詞,永続的な；ひっきりなしの,Sec19,,,
dizzy,名詞,目まいがする；当惑した,Sec19,,,
weary,形容詞,疲れ果てた；（～に）うんざりした（of）,Sec19,,,
numb,形容詞,麻痺した，無感覚な；ぼう然とした,Sec19,,,
mortal,形容詞,致命的な（≒ fatal）；死すべき（運命の）（⇔ immortal 不死の）,Sec19,,,
zealous,形容詞,熱心な；熱狂的な,Sec19,,,